kickoff_hkt,hours_since_kickoff,league,home,away,unsettled_markets,stages_missing_hdc,stages_missing_hil,hdc_line,hil_line,fixture
2026-08-10 21:00,519.57,乌拉后备,蒙特维多竞技后备队,阿尔比恩后备队,"HDC,HIL","T-30,T-5","T-30,T-5",-0.5,2.5,3061047
2026-08-11 00:00,516.57,阿青联,科勒加勒斯U20,布朗安德奎U20,"HDC,HIL","T-30,T-5","T-30,T-5",-0.25,2.25,3061048
2026-08-11 02:30,514.07,罗甲,克卢日,克卢日大学,"HDC,HIL","T-30,T-5","T-30,T-5",0,2.25,3010378
2026-08-11 03:00,513.57,哥伦乙秋,锡帕基拉老虎,恩维加多,"HDC,HIL","T-30,T-5","T-30,T-5",0.25,2.0,3012146
2026-08-11 05:00,511.57,哥伦甲秋,阿古拉斯多拉达斯,拉尼洛斯,"HDC,HIL","T-30,T-5","T-30,T-5",-0.5,2.25,3011787
2026-08-11 07:00,509.57,哥伦乙秋,利昂内斯,索阿查,"HDC,HIL","T-30,T-5","T-30,T-5",-0.25,2.0,3012151
2026-08-11 07:00,509.57,哥伦甲秋,麦德林独立,百万富翁,"HDC,HIL","T-30,T-5","T-30,T-5",0,2.25,3011793
2026-08-11 09:05,507.49,哥伦甲秋,巴兰基亚青年,佩雷拉,"HDC,HIL","T-30,T-5","T-30,T-5",-1.5,2.75,3011795
2026-08-11 22:00,494.57,阿后备,维多利亚阿里纳斯后备队,巴拉斯图尔后备队,"HDC,HIL","T-30,T-5","T-30,T-5",0.25,3.0,3062158
2026-08-12 01:00,491.57,亚挑联,伊蒂哈德阿勒颇,孟加拉国警察,"HDC,HIL","T-30,T-5","T-30,T-5",-1.25,2.25,3031465
2026-08-12 04:30,488.07,哥伦乙秋,皇家桑坦德,巴瑞库拉,"HDC,HIL","T-30,T-5","T-30,T-5",-0.25,2.25,3012148
2026-08-12 06:45,485.82,哥伦乙秋,卡达根拿,波哥塔,"HDC,HIL","T-30,T-5","T-30,T-5",-1.0,2.5,3012147
2026-08-12 07:00,485.57,哥伦乙秋,帕特里奥坦斯,奥尔索马尔索,"HDC,HIL","T-30,T-5","T-30,T-5",-0.75,2.25,3012145
2026-08-12 08:30,484.07,解放者杯,托利马体育,山谷独立,"HDC,HIL","T-30,T-5","T-30,T-5",0,2.25,2991823
2026-08-12 08:45,483.82,哥伦乙秋,卡利博卡青年,马达莱纳联,"HDC,HIL","T-30,T-5","T-30,T-5",0.5,2.0,3012150
2026-08-13 00:00,468.57,智利女甲,伊库伊奎女足,智利大学女足,"HDC,HIL","T-30,T-5","T-30,T-5",1.25,3.0,3058062
2026-08-13 01:00,467.57,球会友谊,皇家联邦,奥萨苏纳B队,"HDC,HIL","T-30,T-5","T-30,T-5",-0.5,2.5,3062164
2026-08-13 01:00,467.57,球会友谊,西班牙人女足,CE欧罗巴女足,"HDC,HIL","T-30,T-5","T-30,T-5",-1.25,2.75,3058113
2026-08-13 08:30,460.07,南美杯,圣塔菲,河床,"HDC,HIL","T-30,T-5","T-30,T-5",0.25,2.0,3049622
2026-08-13 19:30,449.07,球会友谊,AGSM维罗纳女足,帕尔马女足,"HDC,HIL","T-30,T-5","T-30,T-5",2.0,3.0,3061088
2026-08-14 01:30,443.07,欧罗巴杯,克拉克斯维克(中),波兹南莱赫,"HDC,HIL","T-30,T-5","T-30,T-5",0.75,2.75,3049749
2026-08-14 03:00,441.57,哥斯乙,卡里阿利,比特布尔思,"HDC,HIL","T-30,T-5","T-30,T-5",-0.5,3.0,3058246
2026-08-15 05:30,415.07,美预备联,皇家君主,明尼苏达联B队,"HDC,HIL","T-30,T-5","T-30,T-5",0,3.0,3058273
2026-08-15 07:00,413.57,哥伦甲秋,拉尼洛斯,托利马体育,"HDC,HIL","T-30,T-5","T-30,T-5",0,2.25,3011803
2026-08-15 21:00,399.57,瑞典女超,哈马比女足,皮特奥女足,"HDC,HIL","T-30,T-5","T-30,T-5",-2.0,3.25,2911337
2026-08-15 22:00,398.57,爱女联,波希米亚人女足,谢尔伯恩女足,"HDC,HIL",T-30,T-30,,,3059602
2026-08-15 23:00,397.57,俄甲,索契,乌里扬诺夫斯克伏尔加,"HDC,HIL","T-30,T-5","T-30,T-5",-1.0,2.5,3021940
2026-08-16 00:00,396.57,保甲,索非亚斯拉维亚,索非亚列夫斯基,"HDC,HIL",T-30,T-30,,,2998455
2026-08-16 07:05,389.49,哥伦甲秋,侨卡巴,阿古拉斯多拉达斯,"HDC,HIL","T-30,T-5","T-30,T-5",-0.25,2.25,3011801
2026-08-16 07:05,389.49,哥伦甲秋,国民竞技,圣塔菲,"HDC,HIL","T-30,T-5","T-30,T-5",-1.0,2.5,3011798
2026-08-16 09:10,387.41,哥伦甲秋,茨高,巴兰基亚青年,"HDC,HIL","T-30,T-5","T-30,T-5",0.5,2.25,3011800
2026-08-16 23:00,373.57,捷甲,波希米亚1905,亚布洛内茨,"HDC,HIL","T-30,T-5","T-30,T-5",0,2.25,3039855
2026-08-16 23:00,373.57,哈萨克超,卡斯比阿克套,叶利迈塞米,"HDC,HIL","T-30,T-5","T-30,T-5",0,3.5,2953337
2026-08-17 00:00,372.57,土超,伊斯坦布尔巴萨克塞尔,高卡尔利,"HDC,HIL","T-30,T-5","T-30,T-5",-0.75,2.5,3026689
2026-08-17 02:15,370.32,波兰超,华沙普洛克,波兹南莱赫,"HDC,HIL","T-30,T-5","T-30,T-5",0.75,3.0,3003114
2026-08-17 03:30,369.07,葡超,布拉加,吉维森特,"HDC,HIL","T-30,T-5","T-30,T-5",-0.75,2.5,3023443
2026-08-17 05:00,367.57,萨尔超春,萨卡特科卢卡,CD法斯,"HDC,HIL","T-30,T-5","T-30,T-5",0.5,2.25,3041881
2026-08-17 05:05,367.49,哥伦甲秋,波哥大国际,麦德林独立,"HDC,HIL","T-30,T-5","T-30,T-5",0,2.5,3011802
2026-08-17 07:05,365.49,哥伦甲秋,卡利美洲,福塔雷绍查,"HDC,HIL","T-30,T-5","T-30,T-5",-1.0,2.25,3011797
2026-08-17 07:30,365.07,玻利甲,石油独立,圣荷西德奥罗,"HDC,HIL","T-30,T-5","T-30,T-5",-0.5,3.0,3059103
2026-08-18 01:00,347.57,西乙,希洪竞技,沙巴度尔,"HDC,HIL","T-30,T-5","T-30,T-5",-0.25,2.25,3014031
2026-08-18 21:00,327.57,英乙U21,查尔顿U21,保顿U21,"HDC,HIL","T-30,T-5","T-30,T-5",-1.25,3.75,3059163
2026-08-18 22:00,326.57,瑞士丙3,圣加伦U21,泰华尼,"HDC,HIL",T-5,T-5,0.25,2.75,3053636
2026-08-18 22:30,326.07,罗杯,斯克拉雷西塔,佩特罗鲁,"HDC,HIL","T-30,T-5","T-30,T-5",-0.5,2.5,3064924
2026-08-18 23:00,325.57,乌兹超,布哈拉,费尔干纳夫兹,"HDC,HIL","T-30,T-5","T-30,T-5",0.75,2.75,2933116
2026-08-18 23:30,325.07,保乙,比林,赫巴,"HDC,HIL","T-30,T-5","T-30,T-5",0.5,2.5,3017114
2026-08-18 23:30,325.07,俄杯,莫斯科中央陆军,阿克伦陶里亚蒂,"HDC,HIL","T-30,T-5","T-30,T-5",-1.75,3.75,3013046
2026-08-18 23:45,324.82,伊朗超,佩坎,高尔高赫,"HDC,HIL","T-30,T-5","T-30,T-5",0,1.75,3058741
2026-08-19 00:00,324.57,球会友谊,海登海姆,拜仁慕尼黑,"HDC,HIL","T-30,T-5","T-30,T-5",1.5,4.0,3067632
2026-08-19 00:00,324.57,伊朗超,阿拉克铝业,查多马卢阿尔达坎,"HDC,HIL","T-30,T-5","T-30,T-5",0,1.75,3058742
2026-08-19 00:00,324.57,葡U23,维薛拿U23,葡萄牙体育U23,"HDC,HIL","T-30,T-5","T-30,T-5",0,2.75,3056249
2026-08-19 00:00,324.57,葡U23,杜连斯U23,波蒂蒙尼斯U23,"HDC,HIL","T-30,T-5","T-30,T-5",-1.0,3.0,3056248
2026-08-19 00:00,324.57,葡U23,彭拿费尔U23,马里迪莫U23,"HDC,HIL","T-30,T-5","T-30,T-5",0,2.75,3056246
2026-08-19 00:00,324.57,葡U23,吉维森特U23,维塞乌U23,"HDC,HIL","T-30,T-5","T-30,T-5",0.25,2.5,3056245
2026-08-19 00:00,324.57,葡U23,费尔格拉斯U23,布拉加U23,"HDC,HIL","T-30,T-5","T-30,T-5",0.25,3.0,3056244
2026-08-19 00:00,324.57,葡U23,埃什特雷拉U23,雷克斯欧斯U23,"HDC,HIL","T-30,T-5","T-30,T-5",0.25,2.5,3056243
2026-08-19 00:00,324.57,希腊杯,阿特罗米托斯,皮尔戈斯,"HDC,HIL","T-30,T-5","T-30,T-5",-2.0,3.0,3055029
2026-08-19 00:15,324.32,沙王冠,查巴莱,达曼协作,"HDC,HIL","T-30,T-5","T-30,T-5",0.75,2.5,3013328
2026-08-19 00:15,324.32,沙王冠,阿尔纳泽马,吉达联合,"HDC,HIL","T-30,T-5","T-30,T-5",1.25,3.0,3013323
2026-08-19 00:15,324.32,沙王冠,阿科多(中),塞哈特海湾,"HDC,HIL","T-30,T-5","T-30,T-5",0.5,2.75,3013320
2026-08-19 00:30,324.07,瑞典杯,IFK斯克维德,法尔肯堡,"HDC,HIL","T-30,T-5","T-30,T-5",1.75,3.5,3062051
2026-08-19 00:30,324.07,伊朗超,塞帕汉,大不里士拖拉机,"HDC,HIL","T-30,T-5","T-30,T-5",0,1.75,3058743
2026-08-19 00:30,324.07,瑞典杯,卡尔斯塔德,桑德维根斯,"HDC,HIL","T-30,T-5","T-30,T-5",0.5,3.25,3004377
2026-08-19 00:30,324.07,瑞典杯,卡尔堡斯,布拉格,"HDC,HIL","T-30,T-5","T-30,T-5",0.25,3.0,3004376
2026-08-19 00:30,324.07,瑞典杯,瓦斯特拉弗罗伦达,埃尔夫斯堡,"HDC,HIL","T-30,T-5","T-30,T-5",2.75,3.75,3004375
2026-08-19 00:30,324.07,瑞典杯,埃斯基尔斯蒂纳,奥迪沃特,"HDC,HIL","T-30,T-5","T-30,T-5",1.25,3.25,3004372
2026-08-19 00:30,324.07,瑞典杯,索伦蒂纳联,奥雷布洛,"HDC,HIL","T-30,T-5","T-30,T-5",1.0,2.75,3004369
2026-08-19 00:30,324.07,瑞典杯,波尔赞,瓦尔贝里,"HDC,HIL","T-30,T-5","T-30,T-5",1.75,3.5,3004364
2026-08-19 00:30,324.07,以甲,卡比利奥马卡比,奇亚亚蒙SC,"HDC,HIL","T-30,T-5","T-30,T-5",0,2.5,3001794
2026-08-19 00:30,324.07,以甲,麦卡比,特拉维夫叶胡达,"HDC,HIL","T-30,T-5","T-30,T-5",0,2.5,3001793
2026-08-19 00:30,324.07,以甲,莫迪恩,赫兹立亚马卡比,"HDC,HIL","T-30,T-5","T-30,T-5",0.25,2.5,3001792
2026-08-19 00:30,324.07,以甲,拉那那夏普尔,阿基纳扎力,"HDC,HIL","T-30,T-5","T-30,T-5",-0.5,2.25,3001791
2026-08-19 00:30,324.07,以甲,里雄莱锡安夏普尔,法萨巴夏普尔,"HDC,HIL","T-30,T-5","T-30,T-5",-0.25,2.75,3001790
2026-08-19 00:30,324.07,以甲,夏雷姆,卡法尔卡瑟姆,"HDC,HIL","T-30,T-5","T-30,T-5",-0.5,2.75,3001789
2026-08-19 00:30,324.07,以甲,阿富拉夏普尔,阿舒多,"HDC,HIL","T-30,T-5","T-30,T-5",0.5,2.25,3001788
2026-08-19 00:30,324.07,以甲,阿卡夏普尔,凯尔耶特,"HDC,HIL","T-30,T-5","T-30,T-5",-0.25,2.5,3001787
2026-08-19 00:30,324.07,瑞典丙SG,诺沙比,IFK特雷勒堡,"HDC,HIL","T-30,T-5","T-30,T-5",0.5,3.0,2927112
2026-08-19 01:00,323.57,球会友谊,华伦西亚女足,巴黎圣日耳曼女足,"HDC,HIL","T-30,T-5","T-30,T-5",1.5,2.75,3062517
2026-08-19 01:00,323.57,丹麦杯,尼克宾,纳斯特维德,"HDC,HIL","T-30,T-5","T-30,T-5",-0.5,3.0,3061701
2026-08-19 01:00,323.57,保乙,卢多戈雷茨B队,韦伦桑丹斯基,"HDC,HIL","T-30,T-5","T-30,T-5",0,2.5,3017112
2026-08-19 01:45,322.82,俄杯,格罗兹尼特里克,沃罗涅日火炬,"HDC,HIL","T-30,T-5","T-30,T-5",-0.75,2.5,3013022
2026-08-19 02:00,322.57,英锦赛,维冈竞技,阿斯顿维拉U21,"HDC,HIL","T-30,T-5","T-30,T-5",-0.5,3.25,3012827
2026-08-19 02:00,322.57,冰女甲,塞尔福斯女足,FHL女足,"HDC,HIL","T-30,T-5","T-30,T-5",-0.5,3.75,2970028
2026-08-19 02:00,322.57,冰女甲,凯夫拉维克女足,雷克查域克女足,"HDC,HIL","T-30,T-5","T-30,T-5",0.25,3.5,2970026
2026-08-19 17:30,307.07,日皇杯,FC德岛,川崎俱乐部,"HDC,HIL","T-30,T-5","T-30,T-5",-2.25,3.5,3063365
2026-08-19 17:30,307.07,日皇杯,铃鹿竞技,兵库县巴萨拉FC,"HDC,HIL","T-30,T-5","T-30,T-5",-0.25,2.5,3063364
2026-08-19 18:00,306.57,日皇杯,瑞拉滋贺,日本足球学院,"HDC,HIL","T-30,T-5","T-30,T-5",-1.0,3.0,3063377
2026-08-19 18:00,306.57,日皇杯,长野琶扼搂,福井联,"HDC,HIL","T-30,T-5","T-30,T-5",-1.0,3.0,3063375
2026-08-19 18:00,306.57,日皇杯,北九州向日葵,冲绳SV,"HDC,HIL","T-30,T-5","T-30,T-5",-0.5,2.5,3063372
2026-08-19 18:00,306.57,日皇杯,鸟取飞翔,熊本深红,"HDC,HIL","T-30,T-5","T-30,T-5",0,2.25,3063371
2026-08-19 18:00,306.57,波兰丙,波兹南波兰II,KS利普诺,"HDC,HIL","T-30,T-5","T-30,T-5",-1.0,3.25,3063304
2026-08-19 18:00,306.57,韩国杯,蔚山市民,光州FC,"HDC,HIL","T-30,T-5","T-30,T-5",0.25,2.25,3049488
2026-08-19 18:00,306.57,韩国杯,浦项制铁,晋州市民,"HDC,HIL","T-30,T-5","T-30,T-5",-1.25,2.75,3049487
2026-08-19 18:00,306.57,韩国杯,全北现代,唐津市民,"HDC,HIL","T-30,T-5","T-30,T-5",-1.5,3.0,3049484
2026-08-19 20:30,304.07,波兰丙,琴斯托霍瓦B队,GKP戈茹夫,"HDC,HIL","T-30,T-5","T-30,T-5",-0.5,2.75,3063316
2026-08-19 22:00,302.57,阿后备,拉科利内尔斯后备队,萨兰迪兵工厂后备队,"HDC,HIL","T-30,T-5","T-30,T-5",0.75,2.25,3068509
2026-08-19 22:00,302.57,球会友谊,拉路维尔女足,勒阿弗尔女足,"HDC,HIL","T-30,T-5","T-30,T-5",1.0,3.0,3063351
2026-08-19 22:00,302.57,波兰丙,马特斯B队,奥德拉比托姆,"HDC,HIL","T-30,T-5","T-30,T-5",-0.25,3.0,3063312
2026-08-19 22:00,302.57,希腊杯,萨坚索斯,基菲萨,"HDC,HIL","T-30,T-5","T-30,T-5",1.75,3.25,3055038
2026-08-19 22:00,302.57,希腊杯,尼基沃罗,帕尼奥尼奥斯,"HDC,HIL","T-30,T-5","T-30,T-5",-0.25,2.0,3055036
2026-08-19 22:00,302.57,希腊杯,内斯托,卡拉玛里亚斯,"HDC,HIL","T-30,T-5","T-30,T-5",-0.5,2.25,3055030
2026-08-19 22:00,302.57,哈萨克杯,热尼斯,卡萨尔,"HDC,HIL","T-30,T-5","T-30,T-5",-0.5,2.25,2989235
2026-08-19 22:00,302.57,乌兹超,奥马利克,萨马尔罕迪纳摩,"HDC,HIL","T-30,T-5","T-30,T-5",-0.5,2.75,2933119
2026-08-19 22:15,302.32,希腊杯,卡拉玛达,帕纳多里高斯,"HDC,HIL","T-30,T-5","T-30,T-5",0,2.25,3055033
2026-08-19 22:30,302.07,罗杯,CSM斯拉蒂纳,圣格奥尔基塞普西,"HDC,HIL","T-30,T-5","T-30,T-5",0.25,2.25,3064963
2026-08-19 22:30,302.07,罗杯,科罗纳布拉索夫,图纳里,"HDC,HIL","T-30,T-5","T-30,T-5",-0.5,2.75,3064962
2026-08-19 22:30,302.07,罗杯,ACS 西尔布拉吉,AFC布加勒斯特,"HDC,HIL","T-30,T-5","T-30,T-5",-0.75,3.0,3064961
2026-08-19 22:30,302.07,罗杯,巴亚马雷,胡内多阿拉,"HDC,HIL","T-30,T-5","T-30,T-5",1.0,2.5,3064960
2026-08-19 22:30,302.07,罗杯,阿富马齐,沃伦塔利,"HDC,HIL","T-30,T-5","T-30,T-5",0.5,2.5,3064959
2026-08-19 22:30,302.07,罗杯,拜侯尔,法鲁尔,"HDC,HIL","T-30,T-5","T-30,T-5",-0.25,2.5,3064958
2026-08-19 22:30,302.07,波兰丙,波贡索科尔卢巴佐夫,克拉科夫B队,"HDC,HIL","T-30,T-5","T-30,T-5",0.25,3.25,3063322
2026-08-19 22:30,302.07,波兰丙,比亚韦斯托克雅盖隆B队,帕利坎,"HDC,HIL","T-30,T-5","T-30,T-5",-0.25,3.0,3063291
2026-08-19 23:00,301.57,波兰丙,斯亚卡,雅罗斯瓦夫,"HDC,HIL","T-30,T-5","T-30,T-5",-0.5,3.0,3063324
2026-08-19 23:00,301.57,波兰丙,哥罗纳二队,希特曼,"HDC,HIL","T-30,T-5","T-30,T-5",-0.75,3.25,3063320
2026-08-19 23:00,301.57,波兰丙,韦尔科波尔斯基,包尔科维切,"HDC,HIL","T-30,T-5","T-30,T-5",-0.25,3.0,3063315
2026-08-19 23:00,301.57,波兰丙,卡尔科努,巴里奇苏洛,"HDC,HIL","T-30,T-5","T-30,T-5",-0.25,2.75,3063310
2026-08-19 23:00,301.57,波兰丙,斯巴达卡杜华斯,LSK戈查卓德,"HDC,HIL","T-30,T-5","T-30,T-5",-0.5,2.5,3063309
2026-08-19 23:00,301.57,波兰丙,斯维施,格罗姆新斯塔夫,"HDC,HIL","T-30,T-5","T-30,T-5",-0.25,2.75,3063308
2026-08-19 23:00,301.57,波兰丙,卢齐诺,比得哥什东夏电器,"HDC,HIL","T-30,T-5","T-30,T-5",-2.0,3.5,3063305
2026-08-19 23:00,301.57,波兰丙,卡利什,诺泰奇,"HDC,HIL","T-30,T-5","T-30,T-5",-0.5,3.0,3063301
2026-08-19 23:00,301.57,波兰丙,维亚扎布基,苏瓦乌基,"HDC,HIL","T-30,T-5","T-30,T-5",0.25,3.0,3063299
2026-08-19 23:00,301.57,波兰丙,特罗申,谢拉玆,"HDC,HIL","T-30,T-5","T-30,T-5",0.5,2.75,3063298
2026-08-19 23:00,301.57,波兰丙,华沙普洛克B队,罗姆查,"HDC,HIL","T-30,T-5","T-30,T-5",-0.5,3.0,3063296
2026-08-19 23:00,301.57,波兰丙,埃尔布隆格,威德优B队,"HDC,HIL","T-30,T-5","T-30,T-5",-0.25,3.0,3063295
2026-08-19 23:00,301.57,波兰丙,姆拉维安卡,佐维耶茨基,"HDC,HIL","T-30,T-5","T-30,T-5",-0.25,3.5,3063294
2026-08-19 23:00,301.57,塞尔甲,维尔沙克,杜博西卡,"HDC,HIL","T-30,T-5","T-30,T-5",-0.75,2.0,3050221
2026-08-19 23:00,301.57,塞尔甲,格拉菲卡贝尔格莱德,洛兹尼察,"HDC,HIL","T-30,T-5","T-30,T-5",-0.25,2.0,3050216
2026-08-19 23:00,301.57,俄甲,卡马斯,伊凡诺沃,"HDC,HIL","T-30,T-5","T-30,T-5",-0.5,2.25,3021945
2026-08-19 23:00,301.57,乌兹超,马沙尔,安集延,"HDC,HIL","T-30,T-5","T-30,T-5",0.75,2.25,2933117
2026-08-19 23:15,301.32,阿曼杯,锡卜,锡卜青年人,"HDC,HIL","T-30,T-5","T-30,T-5",-0.5,2.5,3064939
2026-08-19 23:30,301.07,斯亚U19,伊利里亚U19,路达U19,"HDC,HIL","T-30,T-5","T-30,T-5",-1.5,3.5,3068458
2026-08-19 23:30,301.07,斯亚U19,马里博尔U19,格林纳丁斯U19,"HDC,HIL","T-30,T-5","T-30,T-5",-1.25,3.5,3068398
2026-08-19 23:30,301.07,波兰丙,克鲁切维亚,格但斯克吉达尼亚,"HDC,HIL","T-30,T-5","T-30,T-5",-1.25,3.25,3063302
2026-08-20 00:00,300.57,球会友谊,克拉萨瓦叶普索纳斯,AEL利马索尔,"HDC,HIL","T-30,T-5","T-30,T-5",0.25,2.5,3064977
2026-08-20 00:00,300.57,波兰丙,斯塔拉霍维采之星,波拉尼,"HDC,HIL","T-30,T-5","T-30,T-5",0,3.0,3063325
2026-08-20 00:00,300.57,波兰丙,索斯诺维克,弗罗茨瓦夫,"HDC,HIL","T-30,T-5","T-30,T-5",-1.25,3.0,3063317
2026-08-20 00:00,300.57,波兰丙,恩尔格提克,卡琳娜古宾,"HDC,HIL","T-30,T-5","T-30,T-5",-0.75,3.25,3063313
2026-08-20 00:00,300.57,波兰丙,科特威尼克,巴特克扎林,"HDC,HIL","T-30,T-5","T-30,T-5",-0.25,3.0,3063303
2026-08-20 00:00,300.57,波兰丙,托伦,乌尼亚斯瓦泽达,"HDC,HIL","T-30,T-5","T-30,T-5",0.25,2.75,3063300
2026-08-20 00:00,300.57,丹麦杯,ASA阿晓斯,兰讷斯,"HDC,HIL","T-30,T-5","T-30,T-5",2.0,3.0,3061688
2026-08-20 00:00,300.57,伊朗超,波斯波利斯,胡齐斯坦独立,"HDC,HIL","T-30,T-5","T-30,T-5",-1.5,2.25,3058747
2026-08-20 00:00,300.57,伊朗超,法加尔瑟帕斯,纳夫特,"HDC,HIL","T-30,T-5","T-30,T-5",-0.25,1.5,3058744
2026-08-20 00:00,300.57,希腊杯,潘塞莱科斯,潘斯拉基科斯,"HDC,HIL","T-30,T-5","T-30,T-5",-1.0,2.5,3055037
2026-08-20 00:00,300.57,瑞典杯,华克斯乔诺拉,韦纳穆,"HDC,HIL","T-30,T-5","T-30,T-5",1.0,2.75,3004371
2026-08-20 00:00,300.57,爱沙丙,FC雷瓦狄亚U19,赞斯拿华B队,"HDC,HIL","T-30,T-5","T-30,T-5",0.5,3.75,2954779
2026-08-20 00:00,300.57,白俄超,迪尼普罗加切夫,巴拉诺维治,"HDC,HIL","T-30,T-5","T-30,T-5",-1.75,3.25,2948568
2026-08-20 00:00,300.57,挪女超,瓦勒伦加女足,侯尼霍斯女足,"HDC,HIL","T-30,T-5","T-30,T-5",-2.25,3.5,2913936
2026-08-20 00:15,300.32,球会友谊,帕拉维亚诺,恩阙谷,"HDC,HIL","T-30,T-5","T-30,T-5",0,2.25,3068462
2026-08-20 00:15,300.32,球会友谊,利亚内斯,克耶雷斯,"HDC,HIL","T-30,T-5","T-30,T-5",0,2.25,3068461
2026-08-20 00:15,300.32,沙王冠,达马克,布赖代合作,"HDC,HIL","T-30,T-5","T-30,T-5",0.75,2.5,3013321
2026-08-20 00:30,300.07,瑞典杯,安吉尔霍姆斯,卡尔马,"HDC,HIL","T-30,T-5","T-30,T-5",1.75,3.25,3062053
2026-08-20 00:30,300.07,瑞典杯,安高平,瓦斯特拉斯,"HDC,HIL","T-30,T-5","T-30,T-5",1.5,3.0,3062052
2026-08-20 00:30,300.07,瑞士乙,苏黎世B队,圣普雷克斯,"HDC,HIL","T-30,T-5","T-30,T-5",-0.75,3.25,3043936
2026-08-20 00:30,300.07,德地区北,云达不莱梅业余队,维切福伦斯堡,"HDC,HIL","T-30,T-5","T-30,T-5",0.25,3.5,3043320
2026-08-20 00:30,300.07,俄甲,韦莱斯,下诺夫哥罗德,"HDC,HIL","T-30,T-5","T-30,T-5",0.75,2.25,3021951
2026-08-20 00:30,300.07,沙王冠,吉达里比亚,拉斯永恒,"HDC,HIL","T-30,T-5","T-30,T-5",2.0,3.0,3013322
2026-08-20 00:30,300.07,瑞典杯,FBK卡尔斯塔德,松兹瓦尔,"HDC,HIL","T-30,T-5","T-30,T-5",0.25,2.75,3004373
2026-08-20 00:30,300.07,瑞典杯,IK弗兰卡,卢恩斯基尔,"HDC,HIL","T-30,T-5","T-30,T-5",2.0,3.25,3004367
2026-08-20 00:30,300.07,瑞典杯,IFK奥斯特桑斯,代格福什,"HDC,HIL","T-30,T-5","T-30,T-5",2.5,3.75,3004366
2026-08-20 00:30,300.07,瑞典杯,侯嘉堡格,奥斯达,"HDC,HIL","T-30,T-5","T-30,T-5",2.5,3.75,3004365
2026-08-20 01:00,299.57,球会友谊,皇家奥维耶多B队,考达尔,"HDC,HIL","T-30,T-5","T-30,T-5",-0.75,2.75,3068420
2026-08-20 01:00,299.57,斯亚U19,NK布雷齐斯U19,亚穆尼积U19,"HDC,HIL","T-30,T-5","T-30,T-5",0.25,3.25,3068399
2026-08-20 01:00,299.57,球会友谊,吉纳斯提卡,坎塔布力亚,"HDC,HIL","T-30,T-5","T-30,T-5",-0.5,2.75,3067820
2026-08-20 01:00,299.57,球会友谊,拉卡扎达,米兰德斯,"HDC,HIL","T-30,T-5","T-30,T-5",2.0,3.5,3063348
2026-08-20 01:00,299.57,波兰丙,KS波罗尼亚,斯塔加德甚切青,"HDC,HIL","T-30,T-5","T-30,T-5",-0.75,3.25,3063306
2026-08-20 01:00,299.57,阿后备,甘拿斯亚LP后备队,萨尔米安杜后备队,"HDC,HIL","T-30,T-5","T-30,T-5",-0.25,2.0,3062509
2026-08-20 01:00,299.57,塞尔甲,塔络提克,纳普里达克,"HDC,HIL","T-30,T-5","T-30,T-5",0.5,2.5,3050219
2026-08-20 01:00,299.57,塞尔甲,嘉沃伊万基卡,杰登斯渥,"HDC,HIL","T-30,T-5","T-30,T-5",-1.0,2.25,3050217
2026-08-20 01:00,299.57,塞尔甲,博尔1919,沃日多瓦茨,"HDC,HIL","T-30,T-5","T-30,T-5",0.5,2.25,3050214
2026-08-20 01:00,299.57,丹女超,科尔丁女足,欧登塞女足,"HDC,HIL","T-30,T-5","T-30,T-5",-0.5,2.75,3040375
2026-08-20 01:00,299.57,丹女超,约灵女足,AGF女足,"HDC,HIL","T-30,T-5","T-30,T-5",-1.5,3.0,3040374
2026-08-20 01:00,299.57,丹女超,邦比女足,靴尔科治女足,"HDC,HIL","T-30,T-5","T-30,T-5",0.75,2.5,3040373
2026-08-20 01:30,299.07,瑞士乙,布雷特雷,伯尔尼年轻人U21,"HDC,HIL","T-30,T-5","T-30,T-5",0,3.0,3043939
2026-08-20 01:30,299.07,瑞士乙,克罗兹林根,查姆,"HDC,HIL","T-30,T-5","T-30,T-5",0.25,3.0,3043938
2026-08-20 01:30,299.07,瑞士乙,布鲁尔,比尔,"HDC,HIL","T-30,T-5","T-30,T-5",0,3.25,3043937
2026-08-20 01:30,299.07,瑞士乙,格朗德萨孔内,沙夫豪森,"HDC,HIL","T-30,T-5","T-30,T-5",-0.25,3.25,3043932
2026-08-20 01:30,299.07,南非超,马梅洛迪日落,马鲁莫加兰斯,"HDC,HIL","T-30,T-5","T-30,T-5",-1.75,2.75,3041136
2026-08-20 01:45,298.82,波兰丙,MKS李曼欧,KSZO奥斯罗维克,"HDC,HIL","T-30,T-5","T-30,T-5",0.25,2.75,3063326
2026-08-20 02:00,298.57,爱尔高联,基尔斯特罗唐尼,卢坎联,"HDC,HIL","T-30,T-5","T-30,T-5",0,3.25,3068506
2026-08-20 02:00,298.57,危地乙,圣露西亚FC,科特匹克,"HDC,HIL","T-30,T-5","T-30,T-5",-1.0,2.5,3068475
2026-08-20 02:00,298.57,球会友谊,叁蔓堤罗,圣塔玛塔,"HDC,HIL","T-30,T-5","T-30,T-5",-0.75,2.5,3068438
2026-08-20 02:00,298.57,球会友谊,比利亚雷亚尔B队,塔拉戈纳,"HDC,HIL","T-30,T-5","T-30,T-5",-0.25,2.25,3068413
2026-08-20 02:00,298.57,球会友谊,圣瑟巴斯提安雷耶斯,瑞欧马加达宏达,"HDC,HIL","T-30,T-5","T-30,T-5",0,2.25,3068412
2026-08-20 02:00,298.57,球会友谊,邦弗拉甸拿,皇家马德里B队,"HDC,HIL","T-30,T-5","T-30,T-5",-0.25,2.5,3067825
2026-08-20 02:00,298.57,球会友谊,克鲁肖,庞特贝德拉,"HDC,HIL","T-30,T-5","T-30,T-5",0.5,2.5,3067805
2026-08-20 02:00,298.57,球会友谊,托伦CF,乌德卡斯特罗尼,"HDC,HIL","T-30,T-5","T-30,T-5",0,2.25,3064978
2026-08-20 02:00,298.57,球会友谊,巴塞罗那,开罗国民,"HDC,HIL","T-30,T-5","T-30,T-5",-3.0,4.5,3063346
2026-08-20 02:00,298.57,球会友谊,希叶扎,托雷拉诺竞技,"HDC,HIL","T-30,T-5","T-30,T-5",-0.75,2.5,3063345
2026-08-20 02:00,298.57,阿后备,CA独立队后备队,拉普拉塔大学生后备队,"HDC,HIL","T-30,T-5","T-30,T-5",-0.25,2.5,3063340
2026-08-20 02:00,298.57,阿后备,飓风后备队,门多萨独立后备队,"HDC,HIL","T-30,T-5","T-30,T-5",-0.25,2.25,3063339
2026-08-20 02:00,298.57,阿后备,皮科将军镇后备队,圣胡安圣马丁后备队,"HDC,HIL","T-30,T-5","T-30,T-5",-1.25,3.0,3063338
2026-08-20 02:00,298.57,阿后备,拉斐拉竞技后备队,基尔梅斯后备队,"HDC,HIL","T-30,T-5","T-30,T-5",0.5,2.25,3063337
2026-08-20 02:00,298.57,阿后备,艾度思维后备队,阿根廷JRS后备队,"HDC,HIL","T-30,T-5","T-30,T-5",0.25,2.25,3063336
2026-08-20 02:00,298.57,波兰丙,尼萨波隆尼亚,达布热格,"HDC,HIL","T-30,T-5","T-30,T-5",0,2.75,3063314
2026-08-20 02:00,298.57,冰岛丙,雷尼尔,禾利达仁迪,"HDC,HIL","T-30,T-5","T-30,T-5",-0.75,4.25,3063289
2026-08-20 02:00,298.57,阿后备,班菲尔德后备队,科尔多瓦学院后备队,"HDC,HIL","T-30,T-5","T-30,T-5",-0.25,2.0,3062508
2026-08-20 02:00,298.57,冰岛丙,雷弗图尔,堤达斯托尔,"HDC,HIL","T-30,T-5","T-30,T-5",0.5,3.75,3062486
2026-08-20 02:00,298.57,冰岛丙,阿尔拜尔足球俱乐部,维迪尔,"HDC,HIL","T-30,T-5","T-30,T-5",2.5,4.25,3062484
2026-08-20 02:00,298.57,塞尔甲,FK梅塔拉卡,塞门德里亚1924,"HDC,HIL","T-30,T-5","T-30,T-5",0.25,2.0,3050218
2026-08-20 02:00,298.57,塞尔甲,波拉斯,普罗莱特023,"HDC,HIL","T-30,T-5","T-30,T-5",-1.0,2.5,3050215
2026-08-20 02:00,298.57,英锦赛,曼斯菲尔德,曼彻斯特城U21,"HDC,HIL","T-30,T-5","T-30,T-5",-0.75,3.25,3012838
2026-08-20 02:00,298.57,冰岛乙,富佐尼,弗查达比德莱克尼尔,"HDC,HIL","T-30,T-5","T-30,T-5",-0.5,4.25,2932232
2026-08-20 02:00,298.57,冰岛乙,塞尔福斯,卡里,"HDC,HIL","T-30,T-5","T-30,T-5",-0.75,4.0,2932231
2026-08-20 02:00,298.57,冰岛乙,奥拉夫斯维克维京,图罗杜尔沃尔古,"HDC,HIL","T-30,T-5","T-30,T-5",-0.5,3.5,2932230
2026-08-20 02:00,298.57,冰岛乙,科玛库尔,豪卡尔,"HDC,HIL","T-30,T-5","T-30,T-5",1.0,3.25,2932229
2026-08-20 02:00,298.57,冰岛乙,白色骑士,KFG加达巴尔,"HDC,HIL","T-30,T-5","T-30,T-5",-0.75,4.0,2932228
2026-08-20 02:00,298.57,冰岛乙,达尔维克,马格尼,"HDC,HIL","T-30,T-5","T-30,T-5",-0.75,3.25,2932227
2026-08-20 02:00,298.57,阿乙,查卡里塔青年,圭梅斯竞技,"HDC,HIL","T-30,T-5","T-30,T-5",-0.5,2.0,2916524
2026-08-20 02:15,298.32,瑞士丙2,布克斯,巴斯库尔,"HDC,HIL","T-30,T-5","T-30,T-5",-0.25,2.5,3053876
2026-08-20 02:30,298.07,球会友谊,UD欧云斯,巴可,"HDC,HIL","T-30,T-5","T-30,T-5",-1.5,2.75,3068470
2026-08-20 02:30,298.07,球会友谊,普埃布拉卡尔萨达,巴达祖斯,"HDC,HIL","T-30,T-5","T-30,T-5",1.0,2.5,3068443
2026-08-20 02:30,298.07,球会友谊,萨雷斯,哈恩,"HDC,HIL","T-30,T-5","T-30,T-5",0.25,2.25,3068442
2026-08-20 02:30,298.07,球会友谊,塔拉维亚,赫塔菲B队,"HDC,HIL","T-30,T-5","T-30,T-5",-0.75,2.5,3068439
2026-08-20 02:45,297.82,英北甲,格里姆斯,佳福斯镇AFC,"HDC,HIL","T-30,T-5","T-30,T-5",0.5,2.25,3068487
2026-08-20 02:45,297.82,英北甲,利奇菲尔德市,史塔夫流浪,"HDC,HIL","T-30,T-5","T-30,T-5",0.5,2.5,3068403
2026-08-20 02:45,297.82,英南甲,史利布利德格,史云顿超级海军,"HDC,HIL","T-30,T-5","T-30,T-5",0.25,2.75,3068402
2026-08-20 02:45,297.82,英北超,阿芙罗,沃金顿,"HDC,HIL","T-30,T-5","T-30,T-5",-1.0,3.25,3044599
2026-08-20 02:45,297.82,爱女联,皮耶茂联女足,阿斯隆城女足,"HDC,HIL","T-30,T-5","T-30,T-5",1.25,2.75,3036710
2026-08-20 02:45,297.82,英议南,法保罗夫,车斯曼,"HDC,HIL","T-30,T-5","T-30,T-5",0.25,3.25,3028808
2026-08-20 03:00,297.57,球会友谊,艾斯马度华,皇家贝蒂斯B队,"HDC,HIL","T-30,T-5","T-30,T-5",-0.25,2.5,3067824
2026-08-20 03:00,297.57,欧冠杯,布拉迪斯拉发,采列,"HDC,HIL","T-30,T-5","T-30,T-5",-0.5,2.5,3062527
2026-08-20 03:00,297.57,欧冠杯,贝尔谢巴夏普尔(中),萨巴赫,"HDC,HIL","T-30,T-5","T-30,T-5",0,2.5,3062525
2026-08-20 03:00,297.57,玻利杯,学术DB,皇家帕托斯,"HDC,HIL","T-30,T-5","T-30,T-5",-0.25,3.0,3061625
2026-08-20 03:00,297.57,葡U23,摩里伦斯U23,法玛利考U23,"HDC,HIL","T-30,T-5","T-30,T-5",0.25,2.75,3056251
2026-08-20 03:00,297.57,塞尔甲,巴奇卡托波拉,萨博迪卡,"HDC,HIL","T-30,T-5","T-30,T-5",-1.0,2.75,3050220
2026-08-20 03:00,297.57,苏高联,奈尼,洛西茅夫,"HDC,HIL","T-30,T-5","T-30,T-5",-0.75,3.0,3002822
2026-08-20 03:00,297.57,苏高联,因弗鲁里机车厂,弗雷泽堡,"HDC,HIL","T-30,T-5","T-30,T-5",1.25,3.25,3002820
2026-08-20 03:00,297.57,苏高联,霍瑞斯,科莱池那库丁,"HDC,HIL","T-30,T-5","T-30,T-5",0.25,3.25,3002819
2026-08-20 03:00,297.57,苏高联,迪伊银行,图里夫联队,"HDC,HIL","T-30,T-5","T-30,T-5",0.25,3.0,3002817
2026-08-20 03:15,297.32,冰岛丙,阿斯韦德利尔,伊米尔,"HDC,HIL","T-30,T-5","T-30,T-5",0,4.0,3058258
2026-08-20 20:00,280.57,哈萨克甲,FK阿雷斯,塔拉兹,"HDC,HIL","T-30,T-5","T-30,T-5",0.5,3.0,2965007
2026-08-20 20:00,280.57,爱沙丙,塔巴沙卢查玛,祖维火车头,"HDC,HIL","T-30,T-5","T-30,T-5",0.5,4.0,2954810
2026-08-20 20:00,280.57,爱沙丙,帕尔努瓦夫鲁B队,土勒维克,"HDC,HIL","T-30,T-5","T-30,T-5",-0.5,4.0,2954781
2026-08-20 20:00,280.57,爱沙乙,威克伊勒特,塔林利华戴亚B队,"HDC,HIL","T-30,T-5","T-30,T-5",-1.25,4.0,2941082
2026-08-20 20:00,280.57,爱沙乙,卡里鲁B队,卡勒威,"HDC,HIL","T-30,T-5","T-30,T-5",1.0,4.0,2941081
2026-08-20 20:00,280.57,爱沙乙,塔林FC,诺梅联合U21,"HDC,HIL","T-30,T-5","T-30,T-5",-0.25,3.75,2941080
2026-08-20 21:00,279.57,阿后备,维拉圣卡罗斯后备队,梅洛小阿根廷后备队,"HDC,HIL","T-30,T-5","T-30,T-5",-2.0,3.25,3068683
2026-08-20 21:30,279.07,埃及甲,El达克尔野,三角洲联,"HDC,HIL","T-30,T-5","T-30,T-5",-0.25,2.0,3068679
2026-08-20 21:30,279.07,印度德杯,ATK莫亨巴根,东北联,"HDC,HIL","T-30,T-5","T-30,T-5",-1.0,2.75,3068637
2026-08-20 21:30,279.07,埃及甲,拉维耶纳,卡巴阿斯玛利,"HDC,HIL","T-30,T-5","T-30,T-5",-0.25,2.0,3064981
2026-08-20 21:30,279.07,埃及甲,哈伊赫多,埃及电信,"HDC,HIL","T-30,T-5","T-30,T-5",-0.5,2.0,3064980
2026-08-20 21:30,279.07,埃及甲,曼苏拉,巴拉蒂耶,"HDC,HIL","T-30,T-5","T-30,T-5",0,1.75,3064094
2026-08-20 21:30,279.07,埃及甲,霍尔比,开罗纳萨,"HDC,HIL","T-30,T-5","T-30,T-5",-0.25,2.25,3064093
2026-08-20 22:00,278.57,阿后备,皇家皮拉尔后备队,伊希库斯尼斯塔史后备队,"HDC,HIL","T-30,T-5","T-30,T-5",-0.25,2.25,3068633
2026-08-20 22:00,278.57,罗杯,CSA布加勒斯特星,FK米耶尔库雷亚丘克,"HDC,HIL","T-30,T-5","T-30,T-5",1.25,2.5,3064971
2026-08-20 22:00,278.57,乌兹甲,雅潘FK,柏克塔哥B队,"HDC,HIL","T-30,T-5","T-30,T-5",-1.5,3.25,2971070
2026-08-20 22:00,278.57,乌兹超,本尤德科,库鲁维奇科坎,"HDC,HIL","T-30,T-5","T-30,T-5",0.25,2.5,2933115
2026-08-20 22:15,278.32,卡塔尔联,威柯拉(中),卡塔尔体育,"HDC,HIL","T-30,T-5","T-30,T-5",-0.25,3.0,3037779
2026-08-20 22:30,278.07,罗杯,维图尔,博托沙尼,"HDC,HIL","T-30,T-5","T-30,T-5",1.0,2.5,3064970
2026-08-20 23:00,277.57,阿后备,圣米格尔后备队,阿马格罗后备队,"HDC,HIL","T-30,T-5","T-30,T-5",-0.25,1.5,3068690
2026-08-20 23:00,277.57,阿后备,卡塞罗斯学生队后备队,玛伦后备队,"HDC,HIL","T-30,T-5","T-30,T-5",-0.25,2.0,3068689
2026-08-20 23:00,277.57,阿后备,卡洛斯卡萨雷斯农业后备队,新芝加哥后备队,"HDC,HIL","T-30,T-5","T-30,T-5",0,2.0,3068687
2026-08-20 23:00,277.57,阿后备,萨尔塔迈特竞技后备队,阿特兰大竞技后备队,"HDC,HIL","T-30,T-5","T-30,T-5",-0.25,2.25,3068686
2026-08-20 23:00,277.57,欧罗巴杯,阿拉木图凯拉特,安德莱赫特,"HDC,HIL","T-30,T-5","T-30,T-5",0.25,2.25,3064796
2026-08-20 23:00,277.57,挪威U19,罗森博格U19,汉坎U19,"HDC,HIL","T-30,T-5","T-30,T-5",-0.5,4.5,3064102
2026-08-20 23:00,277.57,俄甲,下卡姆斯克石油,索契,"HDC,HIL","T-30,T-5","T-30,T-5",0.5,2.25,3021946
2026-08-20 23:00,277.57,乌兹超,花刺子模乌尔根奇,塔什干火车头,"HDC,HIL","T-30,T-5","T-30,T-5",0,2.5,2933122
2026-08-20 23:00,277.57,芬甲,卡亚尼卡帕,吉普,"HDC,HIL","T-30,T-5","T-30,T-5",1.0,2.75,2921917
2026-08-20 23:30,277.07,斯亚U19,奥林比查U19,贾德兰德卡尼U19,"HDC,HIL","T-30,T-5","T-30,T-5",-2.0,3.5,3068623
2026-08-20 23:30,277.07,俄甲,图拉兵工厂,伏尔加格勒,"HDC,HIL","T-30,T-5","T-30,T-5",-0.25,2.0,3021943
2026-08-20 23:45,276.82,白俄超,明斯克迪纳摩,FC鱼雷,"HDC,HIL","T-30,T-5","T-30,T-5",-0.75,2.25,2948564
2026-08-21 00:00,276.57,欧协联,林肯红魔(中),拉恩,"HDC,HIL","T-30,T-5","T-30,T-5",-0.5,2.25,3064828
2026-08-21 00:00,276.57,欧罗巴杯,比亚韦斯托克雅盖隆,伊比利亚1999,"HDC,HIL","T-30,T-5","T-30,T-5",-1.5,2.75,3064797
2026-08-21 00:00,276.57,葡U23,本菲卡U23,里奥阿维U23,"HDC,HIL","T-30,T-5","T-30,T-5",-0.25,2.75,3056250
2026-08-21 00:00,276.57,挪女超,罗森博格女足,利恩女足,"HDC,HIL","T-30,T-5","T-30,T-5",-1.5,3.25,2913934
2026-08-21 00:30,276.07,瑞典杯,FC阿尔兰达,奥斯特桑斯,"HDC,HIL","T-30,T-5","T-30,T-5",0.5,2.5,3062055
2026-08-21 00:30,276.07,卡塔尔联,赖扬,鲁赛尔城,"HDC,HIL","T-30,T-5","T-30,T-5",-1.5,3.75,3037780
2026-08-21 00:30,276.07,瑞典杯,派提亚,索尔纳,"HDC,HIL","T-30,T-5","T-30,T-5",3.0,4.25,3004368
2026-08-21 00:30,276.07,瑞典杯,维萨隆德,北雪平,"HDC,HIL","T-30,T-5","T-30,T-5",1.5,3.0,3004363
2026-08-21 01:00,275.57,欧罗巴杯,波兹南莱赫,图恩,"HDC,HIL","T-30,T-5","T-30,T-5",-1.25,3.0,3064989
2026-08-21 01:00,275.57,欧协联,特罗姆瑟,布莱顿,"HDC,HIL","T-30,T-5","T-30,T-5",1.0,2.75,3064838
2026-08-21 01:00,275.57,欧协联,北西兰,圣加仑,"HDC,HIL","T-30,T-5","T-30,T-5",-1.25,3.75,3064832
2026-08-21 01:00,275.57,欧协联,中日德兰,里耶卡,"HDC,HIL","T-30,T-5","T-30,T-5",-1.0,2.5,3064830
2026-08-21 01:00,275.57,欧罗巴杯,克拉约瓦大学,阿拉特亚美尼亚,"HDC,HIL","T-30,T-5","T-30,T-5",-1.5,2.75,3064802
2026-08-21 01:00,275.57,欧罗巴杯,特拉布宗体育,费伦茨瓦罗斯,"HDC,HIL","T-30,T-5","T-30,T-5",-0.75,2.5,3064801
2026-08-21 01:00,275.57,欧罗巴杯,埃格纳蒂亚,利勒斯特罗姆,"HDC,HIL","T-30,T-5","T-30,T-5",0.25,2.25,3064800
2026-08-21 01:00,275.57,欧罗巴杯,贝西克塔斯,考诺萨基列斯,"HDC,HIL","T-30,T-5","T-30,T-5",-2.5,3.25,3064799
2026-08-21 01:00,275.57,巴拉杯,胡迈塔,五月二日体育会,"HDC,HIL","T-30,T-5","T-30,T-5",2.75,3.75,3061718
2026-08-21 01:00,275.57,丹麦甲,文德斯尔,希勒罗德,"HDC,HIL","T-30,T-5","T-30,T-5",-0.25,2.25,2998092
2026-08-21 01:30,275.07,欧协联,克拉克斯维克,里加FC,"HDC,HIL","T-30,T-5","T-30,T-5",0.5,2.75,3064997
2026-08-21 01:45,274.82,欧协联,塞萨洛尼基,布兰,"HDC,HIL","T-30,T-5","T-30,T-5",-1.25,2.5,3064834
2026-08-21 01:45,274.82,俄杯,加里宁格勒巴蒂卡,马哈奇卡拉,"HDC,HIL","T-30,T-5","T-30,T-5",-0.5,2.25,3013034
2026-08-21 02:00,274.57,欧协联,德利塔(中),伊斯卡尔德斯,"HDC,HIL","T-30,T-5","T-30,T-5",-0.75,2.75,3064821
2026-08-21 02:00,274.57,欧罗巴杯,贝尔格莱德红星,比尔森胜利,"HDC,HIL","T-30,T-5","T-30,T-5",-1.0,3.0,3064803
2026-08-21 02:00,274.57,阿后备,普拉腾斯后备队,科隆竞技后备队,"HDC,HIL","T-30,T-5","T-30,T-5",-0.25,2.0,3064100
2026-08-21 02:00,274.57,阿后备,甘拿斯亚门多萨后备队,圣洛伦索后备队,"HDC,HIL","T-30,T-5","T-30,T-5",0,2.25,3064099
2026-08-21 02:00,274.57,阿后备,里奥夸尔托后备队,利斯特雷后备队,"HDC,HIL","T-30,T-5","T-30,T-5",0.25,2.0,3064098
2026-08-21 02:00,274.57,阿后备,防卫者后备队,贝尔格拉诺后备队,"HDC,HIL","T-30,T-5","T-30,T-5",-0.25,2.5,3064097
2026-08-21 02:00,274.57,阿后备,巴拉卡斯中央后备队,泰格雷后备队,"HDC,HIL","T-30,T-5","T-30,T-5",-0.25,1.75,3064096
2026-08-21 02:00,274.57,沙特联,费哈,利雅得新月,"HDC,HIL","T-30,T-5","T-30,T-5",1.75,2.75,3046940
2026-08-21 16:30,260.07,球会友谊,卡迪斯B队,狮城水手,"HDC,HIL","T-30,T-5","T-30,T-5",1.25,3.0,3064916
2026-08-21 17:00,259.57,中U21,广东广州豹U21,北京国安U21,"HDC,HIL","T-30,T-5","T-30,T-5",1.25,2.75,3069329
2026-08-21 17:00,259.57,捷U19,卡尔维纳U19,奥帕华U19,"HDC,HIL","T-30,T-5","T-30,T-5",-0.75,3.75,3008799
2026-08-21 17:30,259.07,澳维亚,波克海尔,鲁纳沃丁城,"HDC,HIL","T-30,T-5","T-30,T-5",-1.0,2.75,3069157
2026-08-21 17:30,259.07,加尔联,加尔各答警察,佩尔勒斯,"HDC,HIL","T-30,T-5","T-30,T-5",0.5,2.5,3067104
2026-08-21 17:30,259.07,澳维超,格林古利,圣奥尔本斯圣特斯,"HDC,HIL","T-30,T-5","T-30,T-5",0,3.0,2920944
2026-08-21 18:00,258.57,澳新南联,费拉瑟,帕拉玛塔鹰,"HDC,HIL",T-5,T-5,0.25,3.5,3069116
2026-08-21 18:00,258.57,澳南甲,阿德莱德奥林匹克,阿德莱德竞技,"HDC,HIL",T-5,T-5,-0.25,3.0,3067892
2026-08-21 18:00,258.57,日职联,柏太阳神,长崎成功丸,"HDC,HIL","T-30,T-5","T-30,T-5",-1.25,2.75,3000414
2026-08-21 18:00,258.57,韩女联,世宗龟尾女足,昌宁女足,"HDC,HIL","T-30,T-5","T-30,T-5",-0.75,2.5,2960363
2026-08-21 18:00,258.57,韩女联,现代制铁女足,报恩尚武女足,"HDC,HIL","T-30,T-5","T-30,T-5",-0.25,2.5,2960362
2026-08-21 18:15,258.32,澳威甲,黑镇斯巴达,赫斯特维尔,"HDC,HIL","T-30,T-5","T-30,T-5",-1.25,3.5,2930645
2026-08-21 18:30,258.07,澳维亚,惠特尔西联合,莫兰德城,"HDC,HIL",T-30,T-30,,,3069185
2026-08-21 18:30,258.07,澳维亚,艾圣顿罗亚尔,凯勒公园,"HDC,HIL",T-30,T-30,,,3069184
2026-08-21 19:00,257.57,球会友谊,动力迪纳摩,恩多拉联队,"HDC,HIL","T-30,T-5","T-30,T-5",-0.25,2.0,3068723
2026-08-21 20:00,256.57,不丹廷联,竹巴FC,廷布联,"HDC,HIL","T-30,T-5","T-30,T-5",1.5,3.25,3064095
2026-08-21 20:00,256.57,俄青联,科诺普廖夫青年队,圣彼德斯堡青年队,"HDC,HIL","T-30,T-5","T-30,T-5",1.25,3.5,2952553
2026-08-21 21:00,255.57,马来超,柔佛,古晋足协,"HDC,HIL",T-5,T-5,-2.75,3.75,3045634
2026-08-21 21:00,255.57,哈萨克甲,沙克特,艾斯坦拿B队,"HDC,HIL",T-5,T-5,-1.5,3.25,2965009
2026-08-21 21:30,255.07,埃及甲,普斯SC,佩哈亚克,"HDC,HIL",T-5,T-5,0,2.0,3064983
2026-08-21 21:30,255.07,埃及甲,伊斯梅利,马萨尔FC,"HDC,HIL",T-5,T-5,-0.25,1.75,3064982
2026-08-21 21:30,255.07,埃及甲,达雅洛特,玛列亚特,"HDC,HIL",T-5,T-5,0,1.75,3064907
2026-08-21 21:30,255.07,埃及甲,斯卡哈迪德,特萨纳体育,"HDC,HIL",T-5,T-5,0,1.75,3064906
2026-08-21 22:00,254.57,阿联U19,迪拜青年党U19,阿尔艾因U19,"HDC,HIL","T-30,T-5","T-30,T-5",0.25,3.25,3069267
2026-08-21 22:00,254.57,埃及超,瓦迪格拉,泽德FC,"HDC,HIL","T-30,T-5","T-30,T-5",-0.25,2.0,3059412
2026-08-21 22:00,254.57,乌兹甲,卡塔库尔甘,FK加扎尔肯特,"HDC,HIL","T-30,T-5","T-30,T-5",-0.75,2.5,2971067
2026-08-21 22:00,254.57,乌兹甲,布哈拉大学,FA共和国,"HDC,HIL","T-30,T-5","T-30,T-5",0,2.5,2971065
2026-08-21 22:00,254.57,俄青联,罗斯杜夫青年队,喀山鲁宾青年队,"HDC,HIL","T-30,T-5","T-30,T-5",-1.0,3.0,2952552
2026-08-21 22:00,254.57,俄青联,法克尔青年队,阿尔玛兹安泰青年队,"HDC,HIL","T-30,T-5","T-30,T-5",0.75,3.25,2952551
2026-08-21 22:00,254.57,俄青联,莫斯科迪纳摩青年队,诺夫哥罗德青年队,"HDC,HIL","T-30,T-5","T-30,T-5",-0.75,3.25,2952550
2026-08-21 22:00,254.57,俄青联,莫斯科中央陆军青年队,莫斯科火车头青年队,"HDC,HIL","T-30,T-5","T-30,T-5",-0.5,3.75,2952549
2026-08-21 22:00,254.57,俄青联,莫斯科切尔塔诺沃青年队,莫斯科斯巴达青年队,"HDC,HIL","T-30,T-5","T-30,T-5",0.75,3.5,2952548
2026-08-21 22:00,254.57,乌兹超,纳曼干新春,纳萨夫,"HDC,HIL","T-30,T-5","T-30,T-5",-0.5,2.25,2933118
2026-08-21 22:30,254.07,罗乙,辛迪泰哥维斯特,CS布加勒斯特迪纳摩,"HDC,HIL","T-30,T-5","T-30,T-5",-2.5,3.5,3046378
2026-08-21 22:30,254.07,白俄甲,奥尔沙,波里索夫巴特B队,"HDC,HIL","T-30,T-5","T-30,T-5",-0.25,3.25,2969756
2026-08-21 22:45,253.82,白俄甲,莫洛迪兹诺,FK索利戈尔斯克,"HDC,HIL","T-30,T-5","T-30,T-5",0,3.5,2969755
2026-08-21 23:00,253.57,墨西U21,华雷斯U21,阿美利加会U21,"HDC,HIL","T-30,T-5","T-30,T-5",0,2.25,3064902
2026-08-21 23:00,253.57,立陶乙,巴布伦加斯,托拉斯,"HDC,HIL","T-30,T-5","T-30,T-5",-0.5,2.5,3031170
2026-08-21 23:00,253.57,哈萨克甲,图兰突厥斯坦,卡拉特B队,"HDC,HIL","T-30,T-5","T-30,T-5",0.25,3.25,2965011
2026-08-21 23:00,253.57,俄青联,克拉斯诺达尔青年队,乌拉尔青年队,"HDC,HIL","T-30,T-5","T-30,T-5",-2.25,3.75,2952554
2026-08-21 23:00,253.57,白俄超,明斯克,维特布斯克,"HDC,HIL","T-30,T-5","T-30,T-5",0,2.25,2948572
2026-08-21 23:00,253.57,拉脱超,利耶帕亚,格洛比纳,"HDC,HIL","T-30,T-5","T-30,T-5",-1.0,2.5,2940734
2026-08-21 23:00,253.57,乌兹超,塔什干棉农,特尔梅兹,"HDC,HIL","T-30,T-5","T-30,T-5",-1.5,3.0,2933120
2026-08-21 23:15,253.32,阿联酋甲,奥鲁巴,泰德,"HDC,HIL","T-30,T-5","T-30,T-5",-0.75,2.5,3032900
2026-08-21 23:15,253.32,阿联酋甲,阿巴塔,阿联酋伊蒂法格,"HDC,HIL","T-30,T-5","T-30,T-5",-1.0,3.0,3032899
2026-08-21 23:30,253.07,克亚乙,扎达拉洛维,乌克瓦,"HDC,HIL","T-30,T-5","T-30,T-5",0.25,2.25,3023418
2026-08-21 23:30,253.07,匈甲,保克什,乌比斯迪,"HDC,HIL","T-30,T-5","T-30,T-5",-0.5,3.5,3011386
2026-08-21 23:30,253.07,斯亚甲,亚穆尼积,布里涅格罗苏普列,"HDC,HIL","T-30,T-5","T-30,T-5",-0.25,2.5,3005767
2026-08-21 23:30,253.07,芬乙,中新地,韦斯屈莱,"HDC,HIL","T-30,T-5","T-30,T-5",0,3.5,2943271
2026-08-21 23:30,253.07,芬乙,KPV科高拉,古比斯青年队,"HDC,HIL","T-30,T-5","T-30,T-5",0,3.75,2943270
2026-08-21 23:30,253.07,芬甲,哈卡,SJK学院,"HDC,HIL","T-30,T-5","T-30,T-5",-1.5,3.0,2921918
2026-08-21 23:50,252.74,沙地甲,阿尔吉尔,阿尔兹拉费,"HDC,HIL","T-30,T-5","T-30,T-5",0.5,2.5,3048449
2026-08-22 00:00,252.57,沙特联,利雅得体育(中),利雅得胜利,"HDC,HIL",T-30,T-30,,,3046941
2026-08-22 00:00,252.57,捷乙,乌斯季,杜库拉,"HDC,HIL",T-30,T-30,,,3040096
2026-08-22 00:00,252.57,捷乙,普罗斯捷约夫,卡列度,"HDC,HIL",T-30,T-30,,,3040095
2026-08-22 00:00,252.57,捷乙,奥帕瓦,特里内茨,"HDC,HIL",T-30,T-30,,,3040094
2026-08-22 00:00,252.57,捷乙,伊赫拉瓦,塔波斯科,"HDC,HIL",T-30,T-30,,,3040093
2026-08-22 00:00,252.57,捷乙,卡尔维纳,济斯科夫,"HDC,HIL",T-30,T-30,,,3040092
2026-08-22 00:00,252.57,波兰乙,桑德克亚,莱茨纳,"HDC,HIL",T-30,T-30,,,3035879
2026-08-22 00:00,252.57,马耳甲,弗洛里亚纳,施利马,"HDC,HIL",T-30,T-30,,,3021601
2026-08-22 00:00,252.57,波兰甲,查洛里,瓦塔波兹南,"HDC,HIL",T-30,T-30,,,3004962
2026-08-22 00:00,252.57,丹麦甲,瓦埃勒,埃斯比约,"HDC,HIL",T-30,T-30,,,2998094
2026-08-22 00:00,252.57,丹麦甲,霍布罗,奥尔堡,"HDC,HIL",T-30,T-30,,,2998093
2026-08-22 00:00,252.57,德国杯,曼海姆,凯泽斯劳滕,"HDC,HIL",T-30,T-30,,,2995124
2026-08-22 00:00,252.57,德国杯,普鲁士明斯特,卡尔斯鲁厄,"HDC,HIL",T-30,T-30,,,2995123
2026-08-22 00:00,252.57,爱沙甲,塔林利瓦迪亚,纳尔瓦,"HDC,HIL",T-30,T-30,,,2931424
2026-08-22 00:00,252.57,芬甲,PK-35海辛基,查普斯,"HDC,HIL",T-30,T-30,,,2921919
2026-08-22 00:00,252.57,瑞典女超,马模女足,哈马比女足,"HDC,HIL",T-30,T-30,,,2911347
2026-08-22 00:15,252.32,沙地甲,布凯里耶,安瓦尔SA,"HDC,HIL","T-30,T-5","T-30,T-5",0,2.5,3048450
2026-08-22 00:20,252.24,德女联,柏林联女足,拜仁慕尼黑女足,"HDC,HIL","T-30,T-5","T-30,T-5",2.25,3.5,3034758
2026-08-22 00:30,252.07,球会友谊,奥摩尼亚迈欧,AEK拉纳卡,"HDC,HIL",T-30,T-30,,,3064919
2026-08-22 00:30,252.07,俄甲,莫斯科鱼雷,科斯特罗马斯巴达,"HDC,HIL",T-30,T-30,,,3021956
2026-08-22 00:30,252.07,奥乙,瓦克蒂罗尔,圣珀尔滕,"HDC,HIL",T-30,T-30,,,3017888
2026-08-22 00:30,252.07,奥乙,奥地利萨尔斯堡,卡芬堡,"HDC,HIL",T-30,T-30,,,3017883
2026-08-22 01:30,251.07,罗甲,佩特罗鲁,布加勒斯特快速,"HDC,HIL","T-30,T-5","T-30,T-5",0.25,2.25,3010398
2026-08-22 01:30,251.07,瑞士甲,纳沙泰尔,乌契,"HDC,HIL","T-30,T-5","T-30,T-5",0.5,3.25,3000921
2026-08-22 01:30,251.07,阿甲,阿尔多斯维,圣塔菲联,"HDC,HIL","T-30,T-5","T-30,T-5",0,2.0,2962578
2026-08-22 02:00,250.57,乌拉乙,米斯奥尼斯队,雷提斯塔,"HDC,HIL",T-30,T-30,,,3065739
2026-08-22 02:00,250.57,沙特联,卡达西亚,吉达联合,"HDC,HIL",T-30,T-30,,,3046944
2026-08-22 02:00,250.57,比乙,洛克伦,欧本,"HDC,HIL",T-30,T-30,,,3005365
2026-08-22 02:00,250.57,法乙,索肖,甘冈,"HDC,HIL",T-30,T-30,,,2997697
2026-08-22 02:00,250.57,法乙,USL敦刻尔克,蒙彼利埃,"HDC,HIL",T-30,T-30,,,2997692
2026-08-22 02:00,250.57,法乙,克莱蒙,第戎,"HDC,HIL",T-30,T-30,,,2997691
2026-08-22 02:00,250.57,法乙,布洛涅,红星,"HDC,HIL",T-30,T-30,,,2997690
2026-08-22 02:00,250.57,克亚甲,鲁达士,萨格勒布火车头,"HDC,HIL",T-30,T-30,,,2997510
2026-08-22 02:00,250.57,荷乙,维特斯,阿尔梅勒城,"HDC,HIL",T-30,T-30,,,2996429
2026-08-22 02:00,250.57,荷乙,马斯特里赫特,福伦丹,"HDC,HIL",T-30,T-30,,,2996428
2026-08-22 02:00,250.57,荷乙,赫尔蒙德,瓦尔韦克,"HDC,HIL",T-30,T-30,,,2996427
2026-08-22 02:00,250.57,荷乙,埃门,阿尔克马尔青年队,"HDC,HIL",T-30,T-30,,,2996426
2026-08-22 02:00,250.57,荷乙,多德勒支,罗达JC,"HDC,HIL",T-30,T-30,,,2996425
2026-08-22 02:00,250.57,荷乙,邓伯什,FC埃因霍温,"HDC,HIL",T-30,T-30,,,2996424
2026-08-22 02:00,250.57,冰岛甲,艾格尔,阿费查尔丁,"HDC,HIL",T-30,T-30,,,2931285
2026-08-22 02:00,250.57,阿乙,阿卡苏索,戈多伊克鲁斯,"HDC,HIL",T-30,T-30,,,2916609
2026-08-22 02:30,250.07,意甲女杯,帕尔马女足,国际米兰女足,"HDC,HIL","T-30,T-5","T-30,T-5",1.25,2.75,3068353
2026-08-22 02:30,250.07,乌拉甲秋,阿尔比恩,波士顿河,"HDC,HIL","T-30,T-5","T-30,T-5",-0.25,2.25,3064467
2026-08-22 02:30,250.07,意乙,维琴察,卡坦萨罗,"HDC,HIL","T-30,T-5","T-30,T-5",-0.25,2.25,3040710
2026-08-22 02:30,250.07,土甲,卡拉古拉克,布尔萨体育,"HDC,HIL","T-30,T-5","T-30,T-5",0.5,2.5,3030110
2026-08-22 02:30,250.07,马耳甲,马沙斯洛克,希伯尼安斯,"HDC,HIL","T-30,T-5","T-30,T-5",-0.25,2.5,3021603
2026-08-22 02:30,250.07,奥乙,阿德米拉,第一维也纳,"HDC,HIL","T-30,T-5","T-30,T-5",0.5,2.75,3017881
2026-08-22 02:30,250.07,波兰甲,列治亚,西德尔策,"HDC,HIL","T-30,T-5","T-30,T-5",-0.25,2.75,3004954
2026-08-22 02:30,250.07,波兰超,克拉科维亚,KS莫摩斯,"HDC,HIL","T-30,T-5","T-30,T-5",-0.25,2.5,3003116
2026-08-22 02:30,250.07,苏冠,因弗内斯,帕尔蒂克,"HDC,HIL","T-30,T-5","T-30,T-5",0,2.5,3002243
2026-08-22 02:30,250.07,阿乙,圣德尔模,玛伦,"HDC,HIL","T-30,T-5","T-30,T-5",0,1.75,2916624
2026-08-22 02:45,249.82,威超,佩尼邦,兰迪德诺,"HDC,HIL",T-30,T-30,,,3019487
2026-08-22 02:45,249.82,威超,西哈弗福德,卡姆比利安,"HDC,HIL",T-30,T-30,,,3019485
2026-08-22 02:45,249.82,威超,弗林特镇,布里顿费里,"HDC,HIL",T-30,T-30,,,3019484
2026-08-22 02:45,249.82,威超,卡迪夫都市大学,新圣徒,"HDC,HIL",T-30,T-30,,,3019482
2026-08-22 02:45,249.82,北爱超,巴利米纳联队,格伦托兰,"HDC,HIL",T-30,T-30,,,3011572
2026-08-22 02:45,249.82,北爱超,林菲尔德,克里夫顿维尔,"HDC,HIL",T-30,T-30,,,3011571
2026-08-22 02:45,249.82,德国杯,罗斯托克,斯图加特,"HDC,HIL",T-30,T-30,,,2995132
2026-08-22 02:45,249.82,爱甲,韦克斯福德,阿斯隆城,"HDC,HIL",T-30,T-30,,,2939036
2026-08-22 02:45,249.82,爱超,邓多克,戈尔韦联,"HDC,HIL",T-30,T-30,,,2914388
2026-08-22 02:45,249.82,爱超,德罗赫达联,圣帕特里克,"HDC,HIL",T-30,T-30,,,2914387
2026-08-22 02:45,249.82,爱超,波希米亚人,德利城,"HDC,HIL",T-30,T-30,,,2914386
2026-08-22 03:00,249.57,意丙,布雷西亚,卡尔皮,"HDC,HIL","T-30,T-5","T-30,T-5",-1.25,2.5,3050502
2026-08-22 03:00,249.57,意丙,阿尔希欧蕾,AC雷纳特,"HDC,HIL","T-30,T-5","T-30,T-5",0.25,2.0,3050501
2026-08-22 03:00,249.57,阿尔巴超,维拉斯尼亚,斯克得比鲁,"HDC,HIL","T-30,T-5","T-30,T-5",-0.75,2.0,3032785
2026-08-22 03:00,249.57,西乙,科尔多瓦,赫罗纳,"HDC,HIL","T-30,T-5","T-30,T-5",0,2.75,3014036
2026-08-22 03:00,249.57,西甲,皇家贝蒂斯,皇家社会,"HDC,HIL","T-30,T-5","T-30,T-5",-0.25,2.5,3013654
2026-08-22 03:00,249.57,英超,阿森纳,考文垂,"HDC,HIL","T-30,T-5","T-30,T-5",-1.75,3.0,3003849
2026-08-22 04:30,248.07,秘鲁乙,汉卡约B队,CD艾斯图迪安蒂尔CNI,"HDC,HIL","T-30,T-5","T-30,T-5",-0.75,2.5,3064915
2026-08-22 04:30,248.07,厄瓜乙,波图维耶霍,七月二十二队,"HDC,HIL","T-30,T-5","T-30,T-5",-1.25,2.75,2959314
2026-08-22 06:30,246.07,玻利甲,最强者,宾托大学生,"HDC,HIL","T-30,T-5","T-30,T-5",-1.75,3.5,3059104
2026-08-22 07:00,245.57,委内超秋,加拉加斯,卡拉波波,"HDC,HIL","T-30,T-5","T-30,T-5",0.5,2.25,3068547
2026-08-22 07:00,245.57,墨西女超春,普马斯女足,克雷塔罗女足,"HDC,HIL","T-30,T-5","T-30,T-5",-1.75,3.5,3045990
2026-08-22 07:00,245.57,阿甲,里奥夸尔托学生队,圣洛伦索,"HDC,HIL","T-30,T-5","T-30,T-5",0.25,1.5,2962582
2026-08-22 08:00,244.57,厄瓜甲,北莱昂内斯,山谷独立,"HDC,HIL","T-30,T-5","T-30,T-5",0.75,2.25,2937896
2026-08-22 08:00,244.57,厄瓜甲,库恩卡,穆苏克鲁纳,"HDC,HIL","T-30,T-5","T-30,T-5",0,2.25,2937895
2026-08-22 08:30,244.07,玻利甲,奥利恩特,圣安东尼奥布鲁布鲁,"HDC,HIL","T-30,T-5","T-30,T-5",-1.0,3.25,3059105
2026-08-22 08:30,244.07,哥伦甲秋,阿利安萨,佩雷拉,"HDC,HIL","T-30,T-5","T-30,T-5",-1.0,2.25,3011808
2026-08-22 08:30,244.07,智利乙,圣马洛科斯,塔尔卡流浪者,"HDC,HIL","T-30,T-5","T-30,T-5",-0.5,2.25,2926297
2026-08-22 08:30,244.07,智利甲,奥达斯,拉卡莱拉联,"HDC,HIL","T-30,T-5","T-30,T-5",-0.25,2.25,2921218
2026-08-22 09:00,243.57,墨西联秋,莱昂,蒙特雷,"HDC,HIL",T-30,T-30,,,2997379
2026-08-22 10:00,242.57,美女职,圣地亚哥波浪女足,犹他王室女足,"HDC,HIL",T-30,T-30,,,2957014
2026-08-22 10:30,242.07,澳维U23,格林古利U23,圣奥尔本斯圣特斯U23,"HDC,HIL",T-30,T-30,,,2939492
2026-08-22 10:45,241.82,新西南联,诺美德斯,瓦纳卡AFC,"HDC,HIL",T-30,T-30,,,3063985
2026-08-22 13:00,239.57,澳维女超,艾云达尔女足,布伦达拉鹰女足,"HDC,HIL","T-30,T-5","T-30,T-5",-1.5,3.5,2981861
2026-08-22 13:00,239.57,澳维女超,埃森登皇家女足,海德伯格女足,"HDC,HIL","T-30,T-5",T-30,-1.5,,2981860
2026-08-22 13:00,239.57,澳维女超,凯勒公园女足,波克海尔女足,"HDC,HIL",T-30,"T-30,T-5",,3.0,2981859
2026-08-22 13:00,239.57,澳威女超,思比瑞特士女足,曼立联女足,"HDC,HIL",T-30,"T-30,T-5",,3.25,2960849
2026-08-22 13:00,239.57,澳首超,塔格拉诺联,堪培拉祖云达斯,"HDC,HIL",T-30,"T-30,T-5",,4.0,2944244
2026-08-22 13:00,239.57,澳首超,昆比亚城市,奥康诺骑士,"HDC,HIL",T-30,"T-30,T-5",,3.75,2944243
2026-08-22 13:00,239.57,澳首超,堪培拉白头鹰,莫纳洛黑豹,"HDC,HIL",T-30,"T-30,T-5",,4.25,2944242
2026-08-22 13:00,239.57,澳首超,堪培拉FC,贝尔康纳联,"HDC,HIL","T-30,T-5","T-30,T-5",-2.75,4.5,2944241
2026-08-22 13:00,239.57,澳维超,墨尔本城青年队,班特列,"HDC,HIL","T-30,T-5","T-30,T-5",0.25,3.0,2920859
2026-08-22 13:30,239.07,澳南女超,西阿德莱女足,索尔兹伯里女足,"HDC,HIL","T-30,T-5","T-30,T-5",-0.5,3.25,3069156
2026-08-22 13:30,239.07,新西北联,伯肯黑德联,芬奇布尔斯联,"HDC,HIL","T-30,T-5","T-30,T-5",-1.25,3.5,3063973
2026-08-22 14:00,238.57,澳新南联,南海岸火焰,格兰德斯威尔,"HDC,HIL",T-30,"T-30,T-5",,3.25,3069115
2026-08-22 14:00,238.57,新西北联,奥克兰联,奥林匹克湾,"HDC,HIL","T-30,T-5",T-5,-1.75,3.75,3063975
2026-08-22 14:00,238.57,澳维女超,布琳狮子女足,春山俱乐部女足,"HDC,HIL",T-5,"T-30,T-5",-1.5,3.25,2981856
2026-08-22 14:00,238.57,澳维超,休城,乔治十字,"HDC,HIL","T-30,T-5",T-30,-1.0,,2920947
2026-08-22 14:30,238.07,澳达超,达尔文之心,阿祖里FC,"HDC,HIL","T-30,T-5","T-30,T-5",1.75,4.75,3068589
2026-08-22 15:00,237.57,澳西超,施蒂林马塞多尼亚,威斯顿骑士,"HDC,HIL","T-30,T-5","T-30,T-5",0,3.5,2940599
2026-08-22 15:00,237.57,澳西超,珀斯SC,FC索伦托,"HDC,HIL","T-30,T-5","T-30,T-5",-1.5,3.5,2940598
2026-08-22 15:00,237.57,澳西超,奥林匹克金威,费雷曼特尔市,"HDC,HIL",T-30,"T-30,T-5",,3.25,2940597
2026-08-22 15:00,237.57,澳西超,湾水市,珀斯光荣青年队,"HDC,HIL","T-30,T-5",T-30,-0.75,,2940596
2026-08-22 15:00,237.57,澳西超,巴尔卡塔,黛安拉白鹰,"HDC,HIL",T-30,"T-30,T-5",,3.25,2940595
2026-08-22 15:00,237.57,澳西超,阿马达尔,珀斯红星,"HDC,HIL","T-30,T-5","T-30,T-5",-0.25,3.25,2940594
2026-08-22 15:15,237.32,澳维超,丹德农迅雷,欧克莱卡诺,"HDC,HIL",T-5,"T-30,T-5",2.5,3.25,2920949
2026-08-22 16:00,236.57,球会友谊,托雷拉诺竞技,穆尔西亚城B队,"HDC,HIL","T-30,T-5","T-30,T-5",0,2.25,3069553
2026-08-22 16:00,236.57,日地区联,东京23,阿丽斯东京,"HDC,HIL","T-30,T-5","T-30,T-5",0,2.5,3069435
2026-08-22 16:00,236.57,罗乙,林达伯史特范斯提,苏西瓦,"HDC,HIL",T-5,"T-30,T-5",0.5,2.75,3046387
2026-08-22 16:00,236.57,罗乙,拉米库瓦尔塞,FC贝卡,"HDC,HIL","T-30,T-5","T-30,T-5",0,2.75,3046384
2026-08-22 16:00,236.57,罗乙,波佩什蒂莱奥代尼,斯克拉雷西塔,"HDC,HIL",T-30,"T-30,T-5",,2.25,3046383
2026-08-22 16:00,236.57,罗乙,塔古穆里斯,哥利亚,HIL,,"T-30,T-5",,2.25,3046381
2026-08-22 16:00,236.57,罗乙,CSM斯拉蒂纳,AFC金属布佐,"HDC,HIL",T-30,"T-30,T-5",,2.5,3046380
2026-08-22 16:00,236.57,罗乙,康戈迪亚齐安,蒂米什瓦拉,HIL,,"T-30,T-5",,2.5,3046379
2026-08-22 16:30,236.07,球会友谊,赫罗纳B队,CE欧罗巴,"HDC,HIL","T-30,T-5","T-30,T-5",0.5,2.25,3069704
2026-08-22 16:30,236.07,球会友谊,西班牙人B队,塔拉戈纳,"HDC,HIL","T-30,T-5","T-30,T-5",0.5,2.25,3067936
2026-08-22 17:00,235.57,球会友谊,阿拉维斯B队,亚摩勒比塔,"HDC,HIL","T-30,T-5","T-30,T-5",-0.25,2.0,3069331
2026-08-22 17:00,235.57,球会友谊,塞格维亚纳,瑞欧马加达宏达,"HDC,HIL","T-30,T-5",T-30,0.25,,3067934
2026-08-22 17:00,235.57,日女联,RB大宫松鼠女足,浦和红钻女足,"HDC,HIL","T-30,T-5","T-30,T-5",0.5,2.25,3067110
2026-08-22 17:00,235.57,日女联,野岛斯特拉女足,伊分埼玉女足,"HDC,HIL",T-30,"T-30,T-5",,2.25,3067109
2026-08-22 17:00,235.57,日女联,伊纳卡女足,广岛三箭女足,"HDC,HIL","T-30,T-5","T-30,T-5",0,2.0,3067108
2026-08-22 17:00,235.57,日职丙,松本山雅,FC爱媛,HIL,,"T-30,T-5",,2.5,3001150
2026-08-22 17:00,235.57,日职丙,大阪俱乐部,FC琉球,"HDC,HIL",T-30,"T-30,T-5",,2.5,3001147
2026-08-22 17:00,235.57,日职丙,奈良俱乐部,山口雷法,"HDC,HIL",T-30,"T-30,T-5",,2.5,3001146
2026-08-22 17:00,235.57,韩K3联,杨平,庆州水利,"HDC,HIL","T-30,T-5","T-30,T-5",0.5,2.5,2940413
2026-08-22 17:00,235.57,韩K3联,抱川FC,木浦市,"HDC,HIL",T-5,"T-30,T-5",-1.0,2.5,2940412
2026-08-22 17:00,235.57,韩K3联,唐津市民,骊州世宗,"HDC,HIL",T-5,"T-30,T-5",-0.25,2.5,2940411
2026-08-22 17:30,235.07,球会友谊,格尼卡,波图哥尼迪,"HDC,HIL","T-30,T-5","T-30,T-5",0,2.25,3069560
2026-08-22 17:30,235.07,球会友谊,坎塔布力亚,施斯达奥,"HDC,HIL","T-30,T-5","T-30,T-5",0.25,2.25,3069559
2026-08-22 17:30,235.07,澳南超,地铁之星,克罗伊登国王,"HDC,HIL","T-30,T-5","T-30,T-5",-1.0,3.5,3067957
2026-08-22 17:30,235.07,球会友谊,克瑞斯图竞技,托尔德西利亚斯,"HDC,HIL","T-30,T-5",T-5,0.25,2.0,3066232
2026-08-22 17:30,235.07,俄甲,乌拉尔,伊凡诺沃,"HDC,HIL",T-5,"T-30,T-5",-1.5,2.5,3021959
2026-08-22 18:00,234.57,球会友谊,吉纳斯提卡,CD迪里奥,"HDC,HIL",T-30,T-30,,,3068556
2026-08-22 18:00,234.57,葡乙,比伦塞斯,桑塔雷,"HDC,HIL",T-30,T-30,,,3066201
2026-08-22 18:00,234.57,波兰乙,新塔尔格,雷索维亚,"HDC,HIL",T-30,T-30,,,3035877
2026-08-22 18:00,234.57,葡甲,雷克斯欧斯,莱里亚,"HDC,HIL",T-30,T-30,,,3023758
2026-08-22 18:00,234.57,日职丙,枥木SC,北九州向日葵,"HDC,HIL",T-30,T-30,,,3001149
2026-08-22 18:00,234.57,日职丙,群马草津温泉,瑞拉滋贺,"HDC,HIL",T-30,T-30,,,3001145
2026-08-22 18:00,234.57,日职丙,熊本深红,长野琶扼搂,"HDC,HIL",T-30,T-30,,,3001144
2026-08-22 18:00,234.57,日职丙,鹿儿岛联,FC岐阜,"HDC,HIL",T-30,T-30,,,3001142
2026-08-22 18:00,234.57,日职丙,鸟取飞翔,福岛FC,"HDC,HIL",T-30,T-30,,,3001141
2026-08-22 18:00,234.57,日职联,名古屋鲸八,大阪钢巴,"HDC,HIL",T-30,T-30,,,3000418
2026-08-22 18:00,234.57,日职联,大阪樱花,清水鼓动,"HDC,HIL",T-30,T-30,,,3000416
2026-08-22 18:00,234.57,日职乙,宫崎棒牛鸟,湘南海洋,"HDC,HIL",T-30,T-30,,,3000040
2026-08-22 18:00,234.57,日职乙,磐田喜悦,德岛漩涡,"HDC,HIL",T-30,T-30,,,3000036
2026-08-22 18:00,234.57,韩K3联,釜山运输,昌原,"HDC,HIL",T-30,T-30,,,2940414
2026-08-22 18:30,234.07,韩K联,全北现代,蔚山HD,"HDC,HIL","T-30,T-5","T-30,T-5",-0.25,2.75,2929695
2026-08-22 19:00,233.57,德国杯,韦恩,勒沃库森,"HDC,HIL",T-30,T-30,,,2995134
2026-08-22 19:00,233.57,中甲,宁波职业足球俱乐部,延边龙鼎,"HDC,HIL",T-30,T-30,,,2951622
2026-08-22 19:00,233.57,中甲,大连鲲城,无锡吴钩,"HDC,HIL",T-30,T-30,,,2951621
2026-08-22 19:00,233.57,白俄超,伯希纳博布鲁伊斯克,阿森纳捷尔任斯克,"HDC,HIL",T-30,T-30,,,2948571
2026-08-22 19:00,233.57,瑞典乙南,尤特斯科腾,艾斯基斯迈,"HDC,HIL",T-30,T-30,,,2919875
2026-08-22 19:00,233.57,瑞典乙南,BK奥林匹克,特瓦克斯,"HDC,HIL",T-30,T-30,,,2919872
2026-08-22 19:30,233.07,英议联,耶奥维尔,格茨海德,"HDC,HIL",T-30,T-30,,,3027705
2026-08-22 19:30,233.07,英议联,索利赫尔,南安联,"HDC,HIL",T-30,T-30,,,3027701
2026-08-22 19:30,233.07,英议联,哈洛贾特,巴洛,"HDC,HIL",T-30,T-30,,,3027699
2026-08-22 19:30,233.07,英议联,夏利法斯,谭禾夫,"HDC,HIL",T-30,T-30,,,3027697
2026-08-22 19:30,233.07,英议联,伊斯特雷格,斯坎索普,"HDC,HIL",T-30,T-30,,,3027696
2026-08-22 19:30,233.07,英议联,波士顿联队,奥特林查姆,"HDC,HIL",T-30,T-30,,,3027694
2026-08-22 19:30,233.07,威超,阿曼福德,康纳斯码头,"HDC,HIL",T-30,T-30,,,3019481
2026-08-22 19:30,233.07,英冠,米尔沃尔,诺维奇,"HDC,HIL",T-30,T-30,,,3008167
2026-08-22 19:30,233.07,英乙,沃尔索尔,格林斯比,"HDC,HIL",T-30,T-30,,,3007612
2026-08-22 19:30,233.07,英乙,索尔福德市,切斯特菲尔德,"HDC,HIL",T-30,T-30,,,3007609
2026-08-22 19:30,233.07,英甲,卢顿,诺茨郡,"HDC,HIL",T-30,T-30,,,3007047
2026-08-22 19:30,233.07,英甲,唐卡斯特,巴恩斯利,"HDC,HIL",T-30,T-30,,,3007045
2026-08-22 19:30,233.07,英超,赫尔城,曼彻斯特联,"HDC,HIL",T-30,T-30,,,3003850
2026-08-22 19:30,233.07,中甲,定南赣联,石家庄功夫,"HDC,HIL",T-30,T-30,,,2951628
2026-08-22 19:30,233.07,中甲,广西恒宸,苏州东吴,"HDC,HIL",T-30,T-30,,,2951625
2026-08-22 19:30,233.07,中甲,南通支云,陕西联合月亮泊队,"HDC,HIL",T-30,T-30,,,2951623
2026-08-22 19:35,232.99,中超,成都蓉城,上海申花,"HDC,HIL",T-30,T-30,,,2944792
2026-08-22 20:00,232.57,瑞士乙,琉森U21,布勒,"HDC,HIL",T-30,T-30,,,3043940
2026-08-22 20:00,232.57,波青联,萨比利斯青年队,华沙普隆尼亚青年队,"HDC,HIL",T-30,T-30,,,3039449
2026-08-22 20:00,232.57,德地区南,史特加踢球者,费雷堡青年队,"HDC,HIL",T-30,T-30,,,3031502
2026-08-22 20:00,232.57,德地区南,桑德豪森,侯姆堡,"HDC,HIL",T-30,T-30,,,3031501
2026-08-22 20:00,232.57,德地区南,FSV法兰克福,瓦尔多夫,"HDC,HIL",T-30,T-30,,,3031498
2026-08-22 20:00,232.57,挪威杯,诺德斯特兰德,斯吉德,"HDC,HIL",T-30,T-30,,,3025965
2026-08-22 20:00,232.57,挪威杯,艾斯可,哈尔登,"HDC,HIL",T-30,T-30,,,3025927
2026-08-22 20:00,232.57,丹麦乙,法特列斯堡,布拉布兰,"HDC,HIL",T-30,T-30,,,3020867
2026-08-22 20:00,232.57,荷女甲,PSV埃因霍温女足,乌德勒支女足,"HDC,HIL",T-30,T-30,,,3017392
2026-08-22 20:00,232.57,中超,青岛西海岸,山东泰山,"HDC,HIL",T-30,T-30,,,2944795
2026-08-22 20:00,232.57,中超,北京国安,云南玉昆,"HDC,HIL",T-30,T-30,,,2944794
2026-08-22 20:00,232.57,芬乙,EBK,洪卡,"HDC,HIL",T-30,T-30,,,2943458
2026-08-22 20:00,232.57,芬乙,亚特兰提斯,PPJ学院,"HDC,HIL",T-30,T-30,,,2943371
2026-08-22 20:00,232.57,芬乙,奇芬,HPS,"HDC,HIL",T-30,T-30,,,2943370
2026-08-22 20:00,232.57,芬乙,PEPO拉宾兰塔,HIFK足球,HIL,,T-30,,,2943369
2026-08-22 20:00,232.57,芬乙,普拉尼,拉迪恩雷帕斯,HIL,,T-30,,,2943368
2026-08-22 20:00,232.57,芬乙,迈帕,普尤,"HDC,HIL",T-30,T-30,,,2943367
2026-08-22 20:00,232.57,芬乙,坦佩雷,洛瓦涅米,"HDC,HIL",T-30,T-30,,,2943272
2026-08-22 20:00,232.57,拉脱超,超级星,陶格夫匹尔斯,"HDC,HIL",T-30,T-30,,,2940732
2026-08-22 20:30,232.07,俄超,沃罗涅日火炬,奥伦堡加索维克,HIL,,"T-30,T-5",,2.25,3012273
2026-08-22 20:45,231.82,波兰超,哥罗纳,莫托路宾,HDC,T-30,,,,3003118
2026-08-22 21:00,231.57,球会友谊,瑟库库内联,奥兰多海盗,"HDC,HIL",T-30,T-30,,,3069374
2026-08-22 21:00,231.57,巴拉乙,独立FBC,卡巴列罗JLM,HIL,,T-30,,,3068384
2026-08-22 21:00,231.57,巴拉乙,谭贝塔里竞技,费纳多,"HDC,HIL",T-30,T-30,,,3068383
2026-08-22 21:00,231.57,葡甲,维泽拉,阿马兰迪,"HDC,HIL",T-30,T-30,,,3023763
2026-08-22 21:00,231.57,俄甲,乌里扬诺夫斯克伏尔加,辛历克,"HDC,HIL",T-30,T-30,,,3021958
2026-08-22 21:00,231.57,白俄超,斯拉维亚莫兹里,高美尔,"HDC,HIL",T-30,T-30,,,2948576
2026-08-22 21:00,231.57,瑞典女超,埃斯基尔图纳女足,韦克舍女足,"HDC,HIL",T-30,T-30,,,2911344
2026-08-22 21:00,231.57,瑞典女超,佐加顿斯女足,布洛马波卡纳女足,"HDC,HIL",T-30,T-30,,,2911343
2026-08-22 21:00,231.57,白俄甲,坎普罗姆,明斯克迪纳摩后备队,"HDC,HIL",T-30,T-30,,,2969751
2026-08-22 21:00,231.57,芬乙,莎埃帕,OLS奥陆,HIL,,T-30,,,2943273
2026-08-22 21:30,231.07,波兰甲,比托姆,波贡马佐维克,"HDC,HIL","T-30,T-5","T-30,T-5",-0.25,3.0,3004958
2026-08-22 21:30,231.07,波兰甲,保德比斯基,奥波莱,"HDC,HIL","T-30,T-5","T-30,T-5",-0.25,2.5,3004957
2026-08-22 21:30,231.07,德国杯,吕内堡,云达不莱梅,"HDC,HIL","T-30,T-5","T-30,T-5",7.0,7.5,2995145
2026-08-22 21:30,231.07,德国杯,杜伊斯堡,埃弗斯堡,"HDC,HIL","T-30,T-5","T-30,T-5",0.75,3.25,2995141
2026-08-22 21:30,231.07,德国杯,科隆胜利,纽伦堡,"HDC,HIL","T-30,T-5","T-30,T-5",1.0,3.25,2995136
2026-08-22 21:30,231.07,德国杯,奥厄,霍芬海姆,"HDC,HIL","T-30,T-5",T-5,2.75,3.75,2995135
2026-08-22 21:30,231.07,德国杯,萨尔布吕肯,柏林赫塔,"HDC,HIL",T-5,"T-30,T-5",0.25,3.0,2995130
2026-08-22 21:30,231.07,德国杯,SV赫梅林根,汉诺威96,"HDC,HIL","T-30,T-5",T-5,7.0,7.75,2995129
2026-08-22 21:30,231.07,匈甲,华萨斯,普斯卡什学院,"HDC,HIL","T-30,T-5","T-30,T-5",-0.25,3.0,3011385
2026-08-22 22:15,230.32,卡塔尔联,杜海勒,赛利亚,"HDC,HIL",T-30,T-30,,,3037783
2026-08-22 22:30,230.07,阿塞超,卡巴拉,FK萨法,"HDC,HIL","T-30,T-5","T-30,T-5",-0.5,2.25,3041535
2026-08-22 22:30,230.07,荷乙,布雷达,阿贾克斯青年队,"HDC,HIL","T-30,T-5","T-30,T-5",-1.75,3.75,2996430
2026-08-22 22:45,229.82,白俄超,纳夫田,利文哥特奴,"HDC,HIL","T-30,T-5","T-30,T-5",1.25,2.75,2948575
2026-08-22 23:00,229.57,爱足女杯,科克城女足,谢尔伯恩女足,"HDC,HIL",T-30,T-30,,,3069469
2026-08-22 23:00,229.57,阿塞超,萨巴赫,萨姆加耶特,"HDC,HIL",T-30,T-30,,,3041538
2026-08-22 23:00,229.57,阿塞超,卡拉巴克,卡帕兹PFK,"HDC,HIL",T-30,T-30,,,3041537
2026-08-22 23:00,229.57,捷甲,兹林,利贝雷茨,"HDC,HIL",T-30,T-30,,,3039860
2026-08-22 23:00,229.57,捷甲,博雷斯拉夫,斯洛瓦科,"HDC,HIL",T-30,T-30,,,3039859
2026-08-22 23:00,229.57,捷甲,阿蒂斯布尔诺,布拉格斯巴达,"HDC,HIL",T-30,T-30,,,3039858
2026-08-22 23:00,229.57,保乙,利斯基,FC蒙塔纳,"HDC,HIL",T-30,T-30,,,3017123
2026-08-22 23:00,229.57,西乙,皇家奥维耶多,莱加内斯,"HDC,HIL",T-30,T-30,,,3014040
2026-08-22 23:00,229.57,西甲,毕尔巴鄂竞技,塞维利亚,"HDC,HIL",T-30,T-30,,,3013652
2026-08-22 23:00,229.57,俄超,格罗兹尼特里克,罗斯托夫,"HDC,HIL",T-30,T-30,,,3012267
2026-08-22 23:30,229.07,波兰超,皮亚斯特,华沙莱吉亚,"HDC,HIL",T-30,"T-30,T-5",,2.5,3003120
2026-08-22 23:30,229.07,突尼甲,哈曼利弗,蒙纳斯堤,"HDC,HIL","T-30,T-5","T-30,T-5",0.25,1.75,3067241
2026-08-22 23:30,229.07,奥乙,布雷根茨,格拉茨青年队,"HDC,HIL","T-30,T-5","T-30,T-5",-0.75,3.0,3017884
2026-08-22 23:30,229.07,罗甲,阿拉德联队,胡内多阿拉,"HDC,HIL",T-30,"T-30,T-5",,2.25,3010401
2026-08-22 23:45,228.82,沙特联,哈萨征服,达曼协作,"HDC,HIL","T-30,T-5",T-30,-0.25,,3046945
2026-08-23 00:00,228.57,球会友谊,奥林比克斯尼克西亚,希腊人竞技,HIL,,T-30,,,3069372
2026-08-23 00:00,228.57,乌拉乙,切里托,蒙特维迪奥,"HDC,HIL",T-30,T-30,,,3066250
2026-08-23 00:00,228.57,葡乙,卢西塔诺艾芙拉,马夫拉,"HDC,HIL",T-30,T-30,,,3066200
2026-08-23 00:00,228.57,葡乙,泰罗芬斯,乔奥维尔,"HDC,HIL",T-30,T-30,,,3066198
2026-08-23 00:00,228.57,意丙,圭多尼亚,古比奥,"HDC,HIL",T-30,T-30,,,3050883
2026-08-23 00:00,228.57,意丙,奥斯皮塔莱托,隆美辛尼,"HDC,HIL",T-30,T-30,,,3050508
2026-08-23 00:00,228.57,意丙,祖云达斯U23,诺瓦拉,"HDC,HIL",T-30,T-30,,,3050506
2026-08-23 00:00,228.57,意丙,奇塔代拉,帕格特斯,"HDC,HIL",T-30,T-30,,,3050503
2026-08-23 00:00,228.57,土甲,尤姆尼耶士邦,厄洛克士邦,"HDC,HIL",T-30,T-30,,,3030113
2026-08-23 00:00,228.57,土甲,厄德尔,开塞利体育,"HDC,HIL",T-30,T-30,,,3030109
2026-08-23 00:00,228.57,土超,里泽体育,萨姆松体育,"HDC,HIL",T-30,T-30,,,3026704
2026-08-23 00:00,228.57,土超,科鲁姆,卡斯帕萨,"HDC,HIL",T-30,T-30,,,3026698
2026-08-23 00:00,228.57,秘鲁甲秋,万卡约,UCV莫克瓜,"HDC,HIL",T-30,T-30,,,3010000
2026-08-23 00:00,228.57,斯伐超,鲁森比洛克,拜斯迪卡,"HDC,HIL",T-30,T-30,,,3003416
2026-08-23 00:00,228.57,斯伐超,米查路文斯,斯卡利卡,"HDC,HIL",T-30,T-30,,,3003415
2026-08-23 00:00,228.57,德国杯,格罗巴斯帕奇,比勒菲尔德,"HDC,HIL",T-30,T-30,,,2995146
2026-08-23 00:00,228.57,德国杯,特里尔,RB莱比锡,"HDC,HIL",T-30,T-30,,,2995138
2026-08-23 00:00,228.57,德国杯,慕尼黑1860,荷尔斯泰因,"HDC,HIL",T-30,T-30,,,2995122
2026-08-23 00:00,228.57,冰岛甲,嘉德维克,胡萨维克,"HDC,HIL",T-30,T-30,,,2931290
2026-08-23 00:10,228.41,沙特联,拉斯永恒,布赖代合作,"HDC,HIL","T-30,T-5","T-30,T-5",0,2.5,3046946
2026-08-23 00:30,228.07,意甲,乌迪内斯,科莫,"HDC,HIL","T-30,T-5","T-30,T-5",0.75,2.5,2993763
2026-08-23 00:30,228.07,意甲,国际米兰,蒙扎,"HDC,HIL","T-30,T-5","T-30,T-5",-2.0,3.25,2993760
2026-08-23 00:30,228.07,卡塔尔联,萨德,多哈国民,"HDC,HIL",T-30,"T-30,T-5",,3.5,3037784
2026-08-23 00:30,228.07,塞尔超,马瑟瓦沙巴,瑞德尼基,"HDC,HIL",T-30,"T-30,T-5",,2.25,2998935
2026-08-23 00:30,228.07,丹麦甲,AB格莱萨克瑟,哈维德夫,"HDC,HIL","T-30,T-5","T-30,T-5",0,2.75,2998096
2026-08-23 00:30,228.07,克亚甲,比路朴,HNK哥里卡,"HDC,HIL","T-30,T-5",T-30,0,,2997511
2026-08-23 00:35,227.99,阿联酋超,艾因,豪尔费坎,"HDC,HIL",T-30,"T-30,T-5",,3.5,3057128
2026-08-23 00:45,227.82,阿塞超,兹拉,穆格汗,"HDC,HIL","T-30,T-5","T-30,T-5",-1.0,2.25,3041540
2026-08-23 01:00,227.57,葡乙,科维良,葡萄牙体育会,"HDC,HIL",T-30,"T-30,T-5",,2.25,3066199
2026-08-23 01:00,227.57,美预备联,亚特兰大联B队,奥兰多城B队,"HDC,HIL","T-30,T-5","T-30,T-5",-0.75,3.5,3066066
2026-08-23 01:00,227.57,埃及超,马哈拉,金字塔,"HDC,HIL","T-30,T-5","T-30,T-5",1.0,2.0,3059418
2026-08-23 01:00,227.57,埃及超,马斯里,史莫哈,"HDC,HIL","T-30,T-5","T-30,T-5",-0.25,2.0,3059417
2026-08-23 01:00,227.57,意乙,南蒂罗尔,恩特拉,"HDC,HIL","T-30,T-5","T-30,T-5",-0.25,2.0,3040713
2026-08-23 01:00,227.57,意乙,凯勒雷斯,曼托瓦,"HDC,HIL","T-30,T-5","T-30,T-5",0.25,2.25,3040707
2026-08-23 01:00,227.57,希腊超,卡拉玛达,阿里斯,"HDC,HIL","T-30,T-5","T-30,T-5",0.25,2.25,3036406
2026-08-23 02:00,226.57,沙特联,吉达国民,艾卜哈,"HDC,HIL",T-30,T-5,,3.25,3046947
2026-08-23 02:00,226.57,比乙,利尔斯,艾斯登,"HDC,HIL",T-30,"T-30,T-5",,2.5,3005368
2026-08-23 02:00,226.57,法乙,圣埃蒂安,格勒诺布尔,"HDC,HIL","T-30,T-5","T-30,T-5",-1.5,2.75,2997698
2026-08-23 02:00,226.57,荷甲,奈梅亨,SBV精英,"HDC,HIL",T-5,"T-30,T-5",-1.25,3.25,2996117
2026-08-23 02:00,226.57,阿乙,特里斯顿,卡洛斯卡萨雷斯农业,"HDC,HIL","T-30,T-5","T-30,T-5",-0.5,1.75,2916626
2026-08-23 02:00,226.57,沙特联,塞哈特海湾,利雅得青年人,"HDC,HIL",T-5,"T-30,T-5",0.25,2.75,3046948
2026-08-23 02:15,226.32,秘鲁甲秋,卡哈马卡,卡哈马卡商业联,"HDC,HIL",T-5,"T-30,T-5",-0.25,2.25,3010001
2026-08-23 02:15,226.32,斯亚甲,采列,雷都米结,"HDC,HIL","T-30,T-5","T-30,T-5",-1.0,3.25,3005768
2026-08-23 02:15,226.32,波兰超,史拉斯科,维德祖罗兹,"HDC,HIL","T-30,T-5","T-30,T-5",0.25,2.5,3003124
2026-08-23 02:30,226.07,塞尔超,OFK贝尔格莱德,泽蒙,"HDC,HIL","T-30,T-5","T-30,T-5",-1.25,2.5,2998937
2026-08-23 02:30,226.07,爱甲,朗福德城,布雷,"HDC,HIL",T-5,"T-30,T-5",0.25,3.0,2939037
2026-08-23 02:30,226.07,阿乙,圣米格尔,科隆竞技,"HDC,HIL","T-30,T-5","T-30,T-5",0,1.75,2916623
2026-08-23 02:30,226.07,阿乙,圣胡安圣马丁,甘拿斯亚迪罗,"HDC,HIL","T-30,T-5","T-30,T-5",-0.5,1.75,2916622
2026-08-23 02:30,226.07,阿乙,帕特罗纳图,祖祖尔甘拿斯亚,"HDC,HIL","T-30,T-5","T-30,T-5",-0.25,2.25,2916621
2026-08-23 02:30,226.07,阿乙,新芝加哥,阿特兰大竞技,"HDC,HIL","T-30,T-5","T-30,T-5",0,1.75,2916620
2026-08-23 02:30,226.07,阿乙,贝尔格拉诺防卫队,阿尔米兰提布朗,"HDC,HIL",T-30,"T-30,T-5",,1.5,2916616
2026-08-23 02:30,226.07,阿乙,阿马格罗,科勒加勒斯,"HDC,HIL",T-30,"T-30,T-5",,1.75,2916610
2026-08-23 02:30,226.07,土甲,波德鲁姆士邦,慕拉斯堡,"HDC,HIL","T-30,T-5","T-30,T-5",-0.5,2.25,3030107
2026-08-23 02:30,226.07,土甲,安塔利亚体育,佩迪卡斯堡,"HDC,HIL",T-30,"T-30,T-5",,2.5,3030105
2026-08-23 02:30,226.07,罗甲,布加勒斯特迪纳摩(中),克卢日大学,"HDC,HIL",T-30,"T-30,T-5",,2.5,3010395
2026-08-23 02:30,226.07,斯伐超,FK柯西斯,布拉迪斯拉发,"HDC,HIL","T-30,T-5","T-30,T-5",0.5,3.25,3003414
2026-08-23 02:35,225.99,爱足女杯,阿斯隆城女足,戈尔韦女足,"HDC,HIL","T-30,T-5","T-30,T-5",-0.5,2.25,3069471
2026-08-23 02:45,225.82,法甲,尼斯,洛里昂,"HDC,HIL","T-30,T-5","T-30,T-5",-0.25,2.25,2995313
2026-08-23 02:45,225.82,法甲,勒芒,布雷斯特,"HDC,HIL","T-30,T-5","T-30,T-5",0,2.5,2995310
2026-08-23 02:45,225.82,意甲,热那亚,那不勒斯,"HDC,HIL","T-30,T-5","T-30,T-5",0.25,2.0,2993759
2026-08-23 03:00,225.57,巴拉甲秋,艾美利亚诺体育,雷科莱塔,"HDC,HIL",T-30,T-30,,,3067089
2026-08-23 03:00,225.57,乌拉乙,FC派桑杜,蒙得维的亚河床,"HDC,HIL",T-30,T-30,,,3066251
2026-08-23 03:00,225.57,玻利甲,学术DB,圣荷西德奥罗,"HDC,HIL",T-30,T-30,,,3059106
2026-08-23 03:00,225.57,意丙,卡塞塔纳,巴勒塔,"HDC,HIL",T-30,T-30,,,3051264
2026-08-23 03:00,225.57,意丙,切里尼奥拉,科森扎,HDC,T-30,,,,3051262
2026-08-23 03:00,225.57,意丙,佩斯卡拉,比沙奴,HIL,,T-30,,,3050887
2026-08-23 03:00,225.57,意丙,莱科,阿济纳诺基安波,HIL,,T-30,,,3050507
2026-08-23 03:00,225.57,意丙,吉安纳,阿尔比诺勒菲,"HDC,HIL",T-30,T-30,,,3050505
2026-08-23 03:00,225.57,意乙,恩波利,克雷莫纳,"HDC,HIL",T-30,T-30,,,3040709
2026-08-23 03:00,225.57,意乙,贝内文托,摩德纳,HIL,,T-30,,,3040706
2026-08-23 03:00,225.57,意乙,阿维利诺,阿雷佐,"HDC,HIL",T-30,T-30,,,3040705
2026-08-23 03:00,225.57,阿甲,拉普拉塔体操,甘拿斯亚门多萨,"HDC,HIL",T-30,T-30,,,2962583
2026-08-23 03:00,225.57,阿甲,图库曼竞技,科尔多瓦学院,"HDC,HIL",T-30,T-30,,,2962579
2026-08-23 03:00,225.57,厄瓜甲,基多天主大学,曼塔,"HDC,HIL",T-30,T-30,,,2937892
2026-08-23 03:00,225.57,阿乙,查克佛伊维,洛斯安第斯,"HDC,HIL",T-30,T-30,,,2916613
2026-08-23 03:00,225.57,巴西甲,弗鲁米嫩塞,瑞模贝雷,"HDC,HIL",T-30,T-30,,,2910862
2026-08-23 04:00,224.57,委内超秋,莫纳加斯,FC波图加沙,"HDC,HIL","T-30,T-5",T-5,-0.25,2.25,3068550
2026-08-23 04:00,224.57,委内超秋,梅里达大学生,卡贝略港学院,"HDC,HIL","T-30,T-5",T-5,0.5,2.25,3068549
2026-08-23 04:00,224.57,巴丙,沃尔特雷东达,弗罗勒斯塔,"HDC,HIL",T-30,"T-30,T-5",,1.75,2949399
2026-08-23 04:30,224.07,哥伦甲秋,阿古拉斯多拉达斯,百万富翁,"HDC,HIL","T-30,T-5","T-30,T-5",0.25,2.25,3011807
2026-08-23 04:30,224.07,秘鲁甲秋,胡安巴勃罗二世,AD塔尔玛,"HDC,HIL",T-5,"T-30,T-5",-0.5,2.5,3010004
2026-08-23 04:30,224.07,加拿职,骑兵队,渥太华竞技,"HDC,HIL","T-30,T-5","T-30,T-5",-1.25,3.0,2937596
2026-08-23 05:00,223.57,美预备联,纽约城B队,新英格兰革命B队,"HDC,HIL","T-30,T-5","T-30,T-5",0.25,3.25,3066065
2026-08-23 05:00,223.57,萨尔超春,卡卡瓦蒂克,利梅诺,"HDC,HIL","T-30,T-5","T-30,T-5",-0.25,2.25,3041884
2026-08-23 05:00,223.57,危地甲春,奥罗拉,苏奇特佩基,"HDC,HIL","T-30,T-5","T-30,T-5",-0.5,2.25,3011255
2026-08-23 05:05,223.49,哥伦甲秋,托利马体育,布卡拉曼加竞技,"HDC,HIL","T-30,T-5","T-30,T-5",-0.25,2.25,3011810
2026-08-23 05:15,223.32,玻利甲,欧若拉,皇家帕托斯,"HDC,HIL","T-30,T-5","T-30,T-5",-0.75,3.0,3059107
2026-08-23 05:30,223.07,巴西甲,巴西国际,米内罗竞技,"HDC,HIL","T-30,T-5","T-30,T-5",-0.75,2.5,2910863
2026-08-23 06:00,222.57,智利丙,洛斯安第斯纳,哥查瓜,"HDC,HIL","T-30,T-5","T-30,T-5",0,2.5,3066223
2026-08-23 06:30,222.07,巴丙,圣十字,塞卡西亚斯,"HDC,HIL","T-30,T-5","T-30,T-5",-0.25,2.0,2949398
2026-08-23 06:30,222.07,巴丙,康菲加,安纳波利斯,"HDC,HIL","T-30,T-5","T-30,T-5",-0.5,2.25,2949393
2026-08-23 07:00,221.57,哥斯甲春,贝伦蝎子,肯塔吉内斯,"HDC,HIL","T-30,T-5","T-30,T-5",0.5,2.5,3042544
2026-08-23 07:00,221.57,美冠联,列克星敦,拉斯维加斯之光,"HDC,HIL","T-30,T-5","T-30,T-5",-0.75,2.75,2942573
2026-08-23 07:00,221.57,美冠联,底特律城,坦帕湾,"HDC,HIL","T-30,T-5","T-30,T-5",0.25,2.25,2942571
2026-08-23 07:00,221.57,美冠联,布鲁克林,匹兹堡猎犬河队,"HDC,HIL","T-30,T-5","T-30,T-5",0,2.25,2942568
2026-08-23 07:10,221.41,哥伦甲秋,圣塔菲,卡利美洲,"HDC,HIL","T-30,T-5","T-30,T-5",0.25,2.0,3011816
2026-08-23 07:30,221.07,美职业,迈阿密国际,多伦多FC,"HDC,HIL","T-30,T-5","T-30,T-5",-1.5,4.25,2908716
2026-08-23 09:00,219.57,美冠联,科罗拉多跃泉,埃尔帕索机车,"HDC,HIL",T-30,"T-30,T-5",,2.75,2942570
2026-08-23 10:00,218.57,萨尔超春,CD法斯,亚古雷,"HDC,HIL","T-30,T-5","T-30,T-5",-0.5,2.5,3041886
2026-08-23 10:00,218.57,美冠联,奥兰治县布鲁斯,塔尔萨FC,"HDC,HIL","T-30,T-5","T-30,T-5",0,2.5,2942575
2026-08-23 12:00,216.57,澳塔超,南霍巴特,德文波特城,"HDC,HIL","T-30,T-5","T-30,T-5",-0.75,3.5,3067959
2026-08-23 12:40,215.91,澳威女超,公牛学院女足,北方虎女足,"HDC,HIL","T-30,T-5","T-30,T-5",-1.0,3.25,2960850
2026-08-23 13:00,215.57,澳北女超,布罗德美度兰女足,查尔斯顿女足,"HDC,HIL",T-30,"T-30,T-5",,3.75,3069163
2026-08-23 13:00,215.57,澳北女超,亚当斯敦女足,梅特兰女足,"HDC,HIL",T-5,"T-30,T-5",2.5,4.0,3069162
2026-08-23 13:00,215.57,澳北女超,新莱姆顿FC女足,纽卡斯尔奥林女足,HIL,,"T-30,T-5",,4.75,3069161
2026-08-23 13:00,215.57,澳威北超附,梅特兰,韦斯顿劳动熊,"HDC,HIL","T-30,T-5","T-30,T-5",0.25,3.25,3068695
2026-08-23 13:00,215.57,澳威女超,马卡瑟尔女足,芒特德瑞特城女足,"HDC,HIL",T-5,"T-30,T-5",-1.75,3.75,2960851
2026-08-23 13:00,215.57,澳威甲,中部海岸青年队,西部流浪者,"HDC,HIL","T-30,T-5","T-30,T-5",0,3.5,2930652
2026-08-23 13:00,215.57,澳维甲,墨尔本骑士,兰沃里林弗洛,"HDC,HIL",T-30,"T-30,T-5",,3.5,2915744
2026-08-23 13:15,215.32,澳维甲,蓝曼宁厄姆联,墨尔本胜利青年队,"HDC,HIL","T-30,T-5","T-30,T-5",1.0,3.5,2915745
2026-08-23 13:30,215.07,澳维超,南墨尔本,黑德堡,"HDC,HIL","T-30,T-5","T-30,T-5",0,2.75,2920950
2026-08-23 14:50,213.74,澳威女超,A.P.I.A莱洽德女足,西悉尼流浪者女足B队,"HDC,HIL","T-30,T-5","T-30,T-5",-0.75,3.25,2960852
2026-08-23 15:00,213.57,澳威女超,悉尼大学女足,新南威尔士大学女足,"HDC,HIL","T-30,T-5","T-30,T-5",1.0,3.0,2960853
2026-08-23 15:40,212.91,澳威女超,悉尼奥林匹克女足,格拉德斯维尔乌鸦女足,"HDC,HIL","T-30,T-5","T-30,T-5",-1.25,3.5,2960855
2026-08-23 16:00,212.57,韩K3联,始兴市民,大田地铁,"HDC,HIL",T-30,"T-30,T-5",,2.25,2940416
2026-08-23 16:00,212.57,韩K3联,全北现代B队,蔚山市民,"HDC,HIL",T-30,"T-30,T-5",,2.25,2940415
2026-08-23 16:00,212.57,澳昆女超,卡帕拉巴女足,卡布尔彻女足,"HDC,HIL",T-5,"T-30,T-5",0,3.0,3069967
2026-08-23 16:00,212.57,香港超,北区,和富大埔,"HDC,HIL",T-5,"T-30,T-5",0,3.25,3049307
2026-08-23 16:00,212.57,罗乙,CSA布加勒斯特星,达姆布雷维塔,"HDC,HIL","T-30,T-5","T-30,T-5",-0.75,2.5,3046386
2026-08-23 16:00,212.57,罗乙,维图尔,阿富马齐,"HDC,HIL","T-30,T-5","T-30,T-5",0,2.5,3046385
2026-08-23 16:15,212.32,捷丙,奥林莫斯B队,布兰斯科,"HDC,HIL",T-30,"T-30,T-5",,3.75,3043176
2026-08-23 16:15,212.32,捷丙,布尔诺B队,乌赫尔斯基,"HDC,HIL",T-5,"T-30,T-5",-0.75,3.0,3043175
2026-08-23 16:15,212.32,捷丙,亚布洛内茨B队,韦尔科哈姆雷,"HDC,HIL","T-30,T-5","T-30,T-5",-1.0,3.0,3009466
2026-08-23 16:30,212.07,奥乙,BW林茨,禾斯贝治,"HDC,HIL","T-30,T-5","T-30,T-5",-1.0,2.75,3017885
2026-08-23 16:30,212.07,日地区联,东京联队,桐荫横浜大学,HIL,,"T-30,T-5",,2.5,3070029
2026-08-23 16:30,212.07,斯伐丙,路梳比洛B队,库宾,"HDC,HIL",T-5,"T-30,T-5",-1.5,3.5,3067978
2026-08-23 16:30,212.07,斯伐丙,拜斯迪卡B队,TJ塔特拉奥拉,"HDC,HIL","T-30,T-5","T-30,T-5",-1.0,3.0,3067977
2026-08-23 17:00,211.57,克亚U19,古斯图西加U19,塞瓦特U19,"HDC,HIL","T-30,T-5","T-30,T-5",-1.0,3.0,3070018
2026-08-23 17:00,211.57,日女联,仙台维加泰女足,AC长野女足,"HDC,HIL","T-30,T-5","T-30,T-5",-1.0,2.25,3067113
2026-08-23 17:00,211.57,法U19,摩纳哥U19,科隆米尔斯U19,"HDC,HIL",T-30,T-5,,3.25,3054732
2026-08-23 17:00,211.57,日职丙,SC相模原,金泽,HIL,,"T-30,T-5",,2.25,3001148
2026-08-23 17:00,211.57,日地区联,日本学院,江户全联,"HDC,HIL","T-30,T-5",T-30,0.75,,3070027
2026-08-23 17:00,211.57,斯伐U19,米查路文斯U19,特伦辛U19,"HDC,HIL","T-30,T-5",T-30,0.25,,3070023
2026-08-23 17:30,211.07,丹女超,北西兰女足,哥本哈根女足,"HDC,HIL","T-30,T-5","T-30,T-5",-1.5,3.0,3040377
2026-08-23 17:30,211.07,女亚冠杯,新北航源女足,伊耶瓦底联女足,"HDC,HIL","T-30,T-5","T-30,T-5",1.25,3.75,3024112
2026-08-23 18:00,210.57,葡乙,帕雷德斯,利卡,"HDC,HIL","T-30,T-5","T-30,T-5",-0.5,2.25,3068034
2026-08-23 18:00,210.57,波兰丙,威德优B队,波兰利兹巴克,"HDC,HIL","T-30,T-5","T-30,T-5",-1.5,3.25,3067989
2026-08-23 18:00,210.57,波兰乙,历基亚B队,索克尔克勒泽威,"HDC,HIL","T-30,T-5","T-30,T-5",-0.75,3.0,3035876
2026-08-23 18:00,210.57,女亚冠杯,卡雅FC女足,TSL女足,"HDC,HIL","T-30,T-5","T-30,T-5",-1.5,3.25,3024088
2026-08-23 18:00,210.57,葡甲,查维斯,AVS俱乐部,"HDC,HIL",T-5,"T-30,T-5",-0.5,2.5,3023756
2026-08-23 18:00,210.57,俄超,阿克伦陶里亚蒂,苏维埃之翼,"HDC,HIL","T-30,T-5","T-30,T-5",0.25,2.75,3012268
2026-08-23 18:00,210.57,日职丙,高知联合,赞岐,HIL,,"T-30,T-5",,2.25,3001143
2026-08-23 18:00,210.57,丹麦超,桑德捷斯基,北西兰,"HDC,HIL",T-5,"T-30,T-5",0.75,3.0,2998225
2026-08-23 18:00,210.57,挪女甲,阿萨纳女足,格雷女足,"HDC,HIL",T-30,"T-30,T-5",,3.25,2961607
2026-08-23 18:00,210.57,韩K3联,江陵,春川市民,"HDC,HIL","T-30,T-5","T-30,T-5",0,2.0,2940417
2026-08-23 18:30,210.07,韩K2联,首尔衣恋,坡州市民,"HDC,HIL","T-30,T-5","T-30,T-5",-1.0,3.0,2925517
2026-08-23 19:00,209.57,丹麦甲,靴尔科治,科灵,"HDC,HIL",T-30,T-30,,,2998097
2026-08-23 19:00,209.57,德国杯,左登,海登海姆,"HDC,HIL",T-30,T-30,,,2995142
2026-08-23 19:00,209.57,中甲,长春亚泰,佛山南狮,HIL,,T-30,,,2951627
2026-08-23 19:00,209.57,中甲,深圳青年人,南京城市,"HDC,HIL",T-30,T-30,,,2951626
2026-08-23 19:00,209.57,白俄超,巴拉诺维治,布列斯特迪纳摩,"HDC,HIL",T-30,T-30,,,2948570
2026-08-23 19:00,209.57,瑞典乙北,维萨隆德,斯托克松德,"HDC,HIL",T-30,T-30,,,2920115
2026-08-23 19:00,209.57,瑞典乙北,于默奥,安高平,"HDC,HIL",T-30,T-30,,,2920114
2026-08-23 19:00,209.57,瑞典乙北,卡尔堡斯,埃斯基尔斯蒂纳,"HDC,HIL",T-30,T-30,,,2920111
2026-08-23 19:00,209.57,瑞典甲,奥迪沃特,赫尔辛堡,"HDC,HIL",T-30,T-30,,,2914666
2026-08-23 19:00,209.57,瑞典女超,赫根女足,AIK索尔纳女足,"HDC,HIL",T-30,T-30,,,2911345
2026-08-23 19:30,209.07,中乙南,深圳2028,湖北青年星,"HDC,HIL",T-5,"T-30,T-5",-0.75,2.5,2961278
2026-08-23 19:30,209.07,中乙南,武汉三镇B队,赣州瑞狮,"HDC,HIL","T-30,T-5","T-30,T-5",-0.75,2.25,2961277
2026-08-23 19:30,209.07,中乙南,杭州临平吴越,广东铭途,"HDC,HIL","T-30,T-5","T-30,T-5",-0.25,2.0,2961276
2026-08-23 19:30,209.07,中乙南,成都蓉城B队,江西庐山,"HDC,HIL","T-30,T-5","T-30,T-5",0,2.0,2961275
2026-08-23 20:00,208.57,英U21,利兹联U21,西布朗U21,"HDC,HIL",T-30,T-30,,,3065758
2026-08-23 20:00,208.57,英乙U21,班士利U21,查尔顿U21,"HDC,HIL",T-30,T-30,,,3059167
2026-08-23 20:00,208.57,德地区西,柏德博恩B队,邦纳,"HDC,HIL",T-30,T-30,,,3043636
2026-08-23 20:00,208.57,德地区西,洛特,波鸿青年队,HDC,T-30,,,,3043634
2026-08-23 20:00,208.57,德地区北,诺德施泰特,维切福伦斯堡,"HDC,HIL",T-30,T-30,,,3043334
2026-08-23 20:00,208.57,瑞士超,年轻人,瓦杜兹,"HDC,HIL",T-30,T-30,,,3000793
2026-08-23 20:00,208.57,丹麦超,中日德兰,兰讷斯,HIL,,T-30,,,2998226
2026-08-23 20:00,208.57,中超,重庆铜梁龙,大连英博,HIL,,T-30,,,2944798
2026-08-23 20:00,208.57,爱沙乙,卡里鲁B队,威克伊勒特,"HDC,HIL",T-30,T-30,,,2941085
2026-08-23 20:00,208.57,瑞典女超,皮特奥女足,IK乌普撒拉女足,"HDC,HIL",T-30,T-30,,,2911348
2026-08-23 20:45,207.82,波兰超,拉多麦科,卢宾扎格勒比,"HDC,HIL","T-30,T-5","T-30,T-5",0,2.5,3003122
2026-08-23 21:00,207.57,球会友谊,马梅洛迪日落,金箭,"HDC,HIL",T-30,T-30,,,3069385
2026-08-23 21:00,207.57,巴拉乙,塔库里,十一月三日队,"HDC,HIL",T-30,T-30,,,3068387
2026-08-23 21:00,207.57,巴拉乙,阿塞瓦尔,桑坦尼体育会,"HDC,HIL",T-30,T-30,,,3068386
2026-08-23 21:00,207.57,巴拉乙,卡拉普瓜,恩卡纳西翁,"HDC,HIL",T-30,T-30,,,3068385
2026-08-23 21:00,207.57,法U19,博里奥庆U19,圣洛U19,"HDC,HIL",T-30,T-30,,,3054547
2026-08-23 21:00,207.57,法U19,欧塞尔U19,兰斯U19,"HDC,HIL",T-30,T-30,,,3054367
2026-08-23 21:00,207.57,法U19,梅斯U19,蒙费梅伊U19,"HDC,HIL",T-30,T-30,,,3054366
2026-08-23 21:00,207.57,法U19,里昂U19,克莱蒙特U19,"HDC,HIL",T-30,T-30,,,3054365
2026-08-23 21:00,207.57,法U19,索绍U19,南锡U19,"HDC,HIL",T-30,T-30,,,3054364
2026-08-23 21:00,207.57,法U19,奥尔良U19,勒哈费尔U19,"HDC,HIL",T-30,T-30,,,3054186
2026-08-23 21:00,207.57,法U19,卢昂U19,维尔赛斯U19,"HDC,HIL",T-30,T-30,,,3054185
2026-08-23 21:00,207.57,法U19,勒瓦卢瓦竞技U19,朗斯U19,"HDC,HIL",T-30,T-30,,,3054180
2026-08-23 21:00,207.57,捷甲,亚布洛内茨,俄斯特拉发,HDC,T-30,,,,3039862
2026-08-23 21:00,207.57,葡甲,佩纳菲尔,葡萄牙体育B队,"HDC,HIL",T-30,T-30,,,3023760
2026-08-23 21:00,207.57,俄甲,列宁格勒达,切里宾斯克,HIL,,T-30,,,3021953
2026-08-23 21:00,207.57,罗甲,圣格奥尔基塞普西,法鲁尔,HIL,,T-30,,,3010399
2026-08-23 21:00,207.57,英超,曼彻斯特城,伯恩茅斯,"HDC,HIL",T-30,T-30,,,3003856
2026-08-23 21:00,207.57,英超,布莱顿,阿斯顿维拉,"HDC,HIL",T-30,T-30,,,3003855
2026-08-23 21:00,207.57,瑞典甲,布拉格,北欧联FC,"HDC,HIL",T-30,T-30,,,2914663
2026-08-23 21:00,207.57,瑞典女超,维特斯约女足,诺科平女足,"HDC,HIL",T-30,T-30,,,2911349
2026-08-23 21:30,207.07,德国杯,威斯法利亚利耶尼恩,德累斯顿,"HDC,HIL","T-30,T-5","T-30,T-5",2.5,4.25,2995151
2026-08-23 21:30,207.07,德国杯,肖特缅恩斯,门兴格拉德巴赫,"HDC,HIL","T-30,T-5","T-30,T-5",4.25,5.25,2995133
2026-08-23 21:30,207.07,德国杯,巴林格,马格德堡,"HDC,HIL","T-30,T-5","T-30,T-5",3.25,4.25,2995128
2026-08-23 22:00,206.57,埃及超,艾尔格纳,富图雷,"HDC,HIL",T-30,T-30,,,3059419
2026-08-23 22:00,206.57,德女联,RB莱比锡女足,勒沃库森女足,"HDC,HIL",T-30,T-30,,,3034764
2026-08-23 22:00,206.57,土甲,班迪马士邦,克斯欧仁古库,"HDC,HIL",T-30,T-30,,,3030106
2026-08-23 22:00,206.57,俄甲,乌法,叶尼塞,"HDC,HIL",T-30,T-30,,,3021957
2026-08-23 22:00,206.57,芬乙,云塔,爵士,"HDC,HIL",T-30,T-30,,,2943274
2026-08-23 22:00,206.57,爱沙甲,派德,诺米联,HIL,,T-30,,,2931427
2026-08-23 22:00,206.57,瑞典乙北,哈马比TFF,派提亚,HDC,T-30,,,,2920110
2026-08-23 22:00,206.57,瑞典乙南,斯柯维德,克里斯堤斯塔,"HDC,HIL",T-30,T-30,,,2919873
2026-08-23 23:00,205.57,西甲,马德里竞技,比利亚雷亚尔,"HDC,HIL","T-30,T-5","T-30,T-5",-0.75,2.75,3013653
2026-08-23 23:00,205.57,白俄超,迪尼普罗加切夫,鲍里索夫巴特,"HDC,HIL","T-30,T-5","T-30,T-5",-1.5,2.75,2948574
2026-08-23 23:00,205.57,瑞典甲,诺尔比,桑德维根斯,"HDC,HIL","T-30,T-5","T-30,T-5",-0.25,3.0,2914664
2026-08-23 23:00,205.57,捷甲,特普利斯,布尔诺,"HDC,HIL","T-30,T-5","T-30,T-5",-0.25,2.25,3039864
2026-08-23 23:00,205.57,西乙,埃瓦尔,巴拉多利德,"HDC,HIL","T-30,T-5","T-30,T-5",-0.5,2.0,3014037
2026-08-23 23:30,205.07,立陶甲,黑格尔曼,班加,"HDC,HIL",T-5,"T-30,T-5",0.5,2.5,2994883
2026-08-23 23:30,205.07,匈甲,吉奥里,萨拉格斯基,"HDC,HIL","T-30,T-5","T-30,T-5",-0.75,3.25,3011390
2026-08-23 23:30,205.07,匈甲,华达塞,德布勒森尼,"HDC,HIL",T-5,"T-30,T-5",0.25,2.75,3011388
2026-08-23 23:30,205.07,罗甲,克拉约瓦大学,沃伦塔利,HIL,,"T-30,T-5",,2.75,3010400
2026-08-23 23:30,205.07,英超,纽卡斯尔联,利物浦,"HDC,HIL","T-30,T-5","T-30,T-5",0.5,3.25,3003857
2026-08-23 23:45,204.82,立陶甲,苏杜瓦,帕纳瓦兹,"HDC,HIL","T-30,T-5","T-30,T-5",-1.0,2.75,2994884
2026-08-24 00:00,204.57,以甲,奇亚亚蒙SC,麦卡比,"HDC,HIL",T-30,T-30,,,3001798
2026-08-24 00:00,204.57,葡乙,卡尔达斯,路勒坦诺,"HDC,HIL",T-30,T-30,,,3068035
2026-08-24 00:00,204.57,葡乙,马尔寇,凡恩尼斯,"HDC,HIL",T-30,T-30,,,3068033
2026-08-24 00:00,204.57,伊朗超,德黑兰独立,塞帕汉,"HDC,HIL",T-30,T-30,,,3058749
2026-08-24 00:00,204.57,意丙,AZ皮切尔诺,萨沃亚,"HDC,HIL",T-30,T-30,,,3051268
2026-08-24 00:00,204.57,意丙,卡塔尼亚,国际米兰U23,"HDC,HIL",T-30,T-30,,,3051265
2026-08-24 00:00,204.57,意丙,拉蒂那,皮内托,"HDC,HIL",T-30,T-30,,,3050884
2026-08-24 00:00,204.57,意丙,坎伯巴索,皮阿尼斯,"HDC,HIL",T-30,T-30,,,3050881
2026-08-24 00:00,204.57,意丙,韦尔切利,加尔维纳,"HDC,HIL",T-30,T-30,,,3050509
2026-08-24 00:00,204.57,土甲,波卢斯堡,马兰迪BB,"HDC,HIL",T-30,T-30,,,3030108
2026-08-24 00:00,204.57,土超,特拉布宗体育,伊斯坦布尔巴萨克塞尔,"HDC,HIL",T-30,T-30,,,3026705
2026-08-24 00:00,204.57,土超,埃于普体育,加济安泰普大都会,"HDC,HIL",T-30,T-30,,,3026700
2026-08-24 00:00,204.57,以甲,卡法尔卡瑟姆,阿卡夏普尔,"HDC,HIL",T-30,T-30,,,3001800
2026-08-24 00:00,204.57,以甲,赫兹立亚马卡比,拉那那夏普尔,"HDC,HIL",T-30,T-30,,,3001799
2026-08-24 00:00,204.57,以甲,法萨巴夏普尔,莫迪恩,"HDC,HIL",T-30,T-30,,,3001796
2026-08-24 00:00,204.57,以甲,特拉维夫叶胡达,夏雷姆,"HDC,HIL",T-30,T-30,,,3001795
2026-08-24 00:00,204.57,保甲,塞普特姆里,索非亚1948中央陆军,"HDC,HIL",T-30,T-30,,,2998463
2026-08-24 00:00,204.57,丹麦超,维堡,哥本哈根,"HDC,HIL",T-30,T-30,,,2998228
2026-08-24 00:00,204.57,德国杯,凤凰吕贝克,帕德博恩,HIL,,T-30,,,2995137
2026-08-24 00:00,204.57,爱沙甲,派尔努瓦普斯,塔林弗洛拉,"HDC,HIL",T-30,T-30,,,2931428
2026-08-24 00:00,204.57,智利甲,康塞普西翁,科金博,"HDC,HIL",T-30,T-30,,,2921219
2026-08-24 00:30,204.07,比甲,布鲁日,色格拉布鲁日,"HDC,HIL","T-30,T-5","T-30,T-5",-1.75,3.5,3003546
2026-08-24 00:30,204.07,立陶甲,扎尔吉里斯,迪祖戈斯,"HDC,HIL",T-30,"T-30,T-5",,3.0,2994885
2026-08-24 00:30,204.07,意甲,弗洛西诺尼,尤文图斯,"HDC,HIL","T-30,T-5","T-30,T-5",1.25,3.0,2993758
2026-08-24 00:30,204.07,葡乙,奥利维伦斯,塞尔纳谢,"HDC,HIL","T-30,T-5","T-30,T-5",-0.75,2.5,3068036
2026-08-24 00:30,204.07,希腊超,OFI克里特,维洛斯NFC,"HDC,HIL","T-30,T-5",T-30,0,,3036407
2026-08-24 00:45,203.82,阿塞超,内弗特奇,纳希切万,"HDC,HIL","T-30,T-5","T-30,T-5",-1.0,2.5,3041536
2026-08-24 01:00,203.57,冰岛超,IA阿克拉内斯,哈夫纳夫约杜尔,"HDC,HIL",T-30,T-30,,,2924629
2026-08-24 02:15,202.32,保甲,索菲亚火车头,索非亚中央陆军,"HDC,HIL","T-30,T-5","T-30,T-5",1.0,2.75,2998461
2026-08-25 19:00,161.57,捷U19,布杰约维采迪纳摩U19,般奴U19,"HDC,HIL","T-30,T-5","T-30,T-5",-0.25,3.5,3008795
2026-08-25 20:00,160.57,英乙U21,米禾尔U21,哈德斯菲尔德U21,"HDC,HIL","T-30,T-5","T-30,T-5",0,3.5,3059172
2026-08-25 20:00,160.57,英乙U21,维冈竞技U21,卡迪夫城U21,"HDC,HIL","T-30,T-5","T-30,T-5",-0.25,3.75,3059170
2026-08-25 20:00,160.57,英乙U21,考文垂U21,弗利特伍德U21,"HDC,HIL","T-30,T-5","T-30,T-5",-1.0,3.5,3059169
2026-08-25 20:30,160.07,英乙U21,保顿U21,高车士打U21,"HDC,HIL","T-30,T-5","T-30,T-5",-0.5,3.25,3059171
2026-08-25 20:30,160.07,乌兹甲,加云,雅潘FK,"HDC,HIL","T-30,T-5","T-30,T-5",-0.25,2.5,2971074
2026-08-25 21:00,159.57,英乙U21,昆士柏流浪U21,赫尔城U21,"HDC,HIL","T-30,T-5","T-30,T-5",-0.5,3.75,3059173
2026-08-25 22:00,158.57,葡U23,马里迪莫U23,埃什特雷拉U23,"HDC,HIL","T-30,T-5","T-30,T-5",-0.25,2.75,3056257
2026-08-25 22:00,158.57,乌兹超,特尔梅兹,奥马利克,"HDC,HIL","T-30,T-5","T-30,T-5",0.5,2.75,2933130
2026-08-25 22:00,158.57,乌兹超,安集延,花刺子模乌尔根奇,"HDC,HIL","T-30,T-5","T-30,T-5",-1.0,2.5,2933123
2026-08-25 22:50,157.74,以U19,比达耶路撒冷欧伦U19,海法夏普尔U19,"HDC,HIL","T-30,T-5",T-30,-0.75,,3072251
2026-08-25 23:00,157.57,爱沙丙,塔尔图卡列夫,卡勒威B队,"HDC,HIL",T-5,"T-30,T-5",-1.0,4.75,2954788
2026-08-25 23:30,157.07,丹麦杯,阿莱罗德,梵鲁斯,"HDC,HIL","T-30,T-5","T-30,T-5",1.0,3.0,3061687
2026-08-25 23:30,157.07,保乙,贝尔罗,保利文斯巴达,"HDC,HIL","T-30,T-5","T-30,T-5",-0.5,2.25,3017117
2026-08-25 23:30,157.07,丹麦杯,欧科斯,米德法特,"HDC,HIL","T-30,T-5",T-5,2.5,3.75,3061702
2026-08-25 23:45,156.82,科威特联,阿尔科威特,阿拉比科威特,"HDC,HIL",T-5,"T-30,T-5",-0.25,2.5,3067694
2026-08-26 00:00,156.57,葡U23,雷克斯欧斯U23,莱里亚U23,"HDC,HIL","T-30,T-5","T-30,T-5",-0.75,2.5,3056256
2026-08-26 00:00,156.57,葡U23,维塞乌U23,维薛拿U23,"HDC,HIL","T-30,T-5","T-30,T-5",-1.0,2.75,3056253
2026-08-26 00:00,156.57,罗乙,斯洛博齐亚,梅塔洛格布斯,"HDC,HIL","T-30,T-5","T-30,T-5",-0.25,2.25,3046388
2026-08-26 00:00,156.57,欧女杯,SK布兰女足,奥地利维也纳女足,"HDC,HIL","T-30,T-5","T-30,T-5",-2.0,3.5,3068741
2026-08-26 00:00,156.57,瑞典丙SG,华克斯乔诺拉,索尔韦斯堡,"HDC,HIL","T-30,T-5","T-30,T-5",-0.5,3.25,2927121
2026-08-26 00:00,156.57,以U19,马卡比奈坦亚U19,耶乌达U19,"HDC,HIL","T-30,T-5","T-30,T-5",-0.75,3.0,3072247
2026-08-26 00:05,156.49,沙特联,艾卜哈,塞哈特海湾,"HDC,HIL","T-30,T-5","T-30,T-5",0,2.5,3046951
2026-08-26 00:10,156.41,沙特联,布赖代合作,费哈,"HDC,HIL","T-30,T-5","T-30,T-5",-0.75,2.5,3046952
2026-08-26 00:30,156.07,葡U23,波蒂蒙尼斯U23,法伦斯U23,"HDC,HIL","T-30,T-5","T-30,T-5",0.25,2.5,3056258
2026-08-26 00:30,156.07,瑞典杯,尤特斯科腾,赫根,"HDC,HIL",T-30,"T-30,T-5",,4.0,3004378
2026-08-26 00:45,155.82,欧冠杯,萨巴赫(中),贝尔谢巴夏普尔,"HDC,HIL","T-30,T-5","T-30,T-5",-0.5,2.75,3062528
2026-08-26 01:00,155.57,瑞典甲,奥雷布洛,瓦尔贝里,"HDC,HIL","T-30,T-5","T-30,T-5",0.25,2.5,2914667
2026-08-26 01:00,155.57,非南女冠,山丹斯女足,太阳海岸女足,"HDC,HIL",T-5,"T-30,T-5",-2.5,4.0,3072297
2026-08-26 01:00,155.57,球会友谊,巴塞罗那B队,列乌斯,"HDC,HIL","T-30,T-5","T-30,T-5",-0.5,2.5,3068582
2026-08-26 01:00,155.57,德地区东北,莱比锡火车头,卓尼特斯,"HDC,HIL",T-30,"T-30,T-5",,2.75,3026432
2026-08-26 02:45,153.82,苏挑杯,科化体育会,福马亭,"HDC,HIL",T-5,"T-30,T-5",-0.75,2.5,3036315
2026-08-26 21:00,135.57,阿后备,贝尔格拉诺防卫后备队,洛斯安第斯后备队,"HDC,HIL","T-30,T-5",T-5,0,2.25,3072510
2026-08-26 21:00,135.57,阿后备,玛伦后备队,阿尔米兰提布朗后备队,"HDC,HIL","T-30,T-5",T-30,-0.75,,3072509
2026-08-26 21:00,135.57,马来超,吉隆坡,古晋足协,"HDC,HIL","T-30,T-5","T-30,T-5",2.0,3.25,3045665
2026-08-26 21:00,135.57,捷U19,辛宁U19,帕尔杜比斯U19,"HDC,HIL","T-30,T-5",T-5,0.25,3.5,3008866
2026-08-26 21:00,135.57,挪乙,拉纳,弗洛,"HDC,HIL",T-30,"T-30,T-5",,3.5,2913466
2026-08-26 22:00,134.57,塞尔U19,乌斯诺维贝尔格莱德U19,斯巴达苏波迪查U19,"HDC,HIL","T-30,T-5","T-30,T-5",-0.5,3.75,3072603
2026-08-26 22:00,134.57,埃及超,史莫哈,佩特雷姆,"HDC,HIL",T-5,T-30,-1.0,,3059422
2026-08-26 22:00,134.57,匈女甲,普斯卡什学院女足,乌比斯迪女足,"HDC,HIL","T-30,T-5","T-30,T-5",-1.0,3.25,3053483
2026-08-26 22:00,134.57,乌兹超,马沙尔,纳曼干新春,"HDC,HIL",T-5,T-30,1.75,,2933127
2026-08-26 22:00,134.57,乌兹超,塔什干火车头,本尤德科,"HDC,HIL","T-30,T-5","T-30,T-5",-1.0,3.0,2933126
2026-08-26 22:30,134.07,挪威U19,利勒斯特罗姆U19,特罗姆瑟U19,"HDC,HIL","T-30,T-5","T-30,T-5",-1.0,4.75,3068803
2026-08-26 23:00,133.57,女欧罗巴杯,SFK萨拉热窝女足,利贝雷茨女足,"HDC,HIL","T-30,T-5",T-5,-0.25,3.0,3068822
2026-08-26 23:00,133.57,爱沙杯,纳尔瓦,诺梅卡柳,"HDC,HIL",T-5,"T-30,T-5",0.75,3.0,3068587
2026-08-26 23:00,133.57,女欧罗巴杯,敖德萨海星女足,罗森博格女足,"HDC,HIL",T-5,"T-30,T-5",2.0,3.5,3068823
2026-08-26 23:00,133.57,女欧罗巴杯,卡尔塞沃多特姆女足,瓦勒伦加女足,"HDC,HIL","T-30,T-5",T-30,3.25,,3068821
2026-08-26 23:00,133.57,女欧罗巴杯,米特罗维察女足,梅塔利斯特1925女足,"HDC,HIL","T-30,T-5","T-30,T-5",1.0,3.25,3068820
2026-08-26 23:00,133.57,格鲁杯,哥里迪拉,萨古拉利,"HDC,HIL",T-30,"T-30,T-5",,2.25,3068816
2026-08-26 23:00,133.57,波斯乙,伊格曼,斯图普卡尼卡奥洛沃,HIL,,"T-30,T-5",,2.25,3061497
2026-08-26 23:00,133.57,乌兹超,克孜勒库姆,纳萨夫,HIL,,"T-30,T-5",,2.25,2933129
2026-08-26 23:30,133.07,捷克杯,皮斯克,帕尔杜比斯,"HDC,HIL",T-5,"T-30,T-5",1.5,3.25,3068773
2026-08-26 23:30,133.07,塞尔U19,伏伊伏丁那U19,古拉瑞奇U19,"HDC,HIL","T-30,T-5",T-30,-1.0,,3072591
2026-08-26 23:30,133.07,克亚U19,特瑞内U19,艾斯特拉U19,"HDC,HIL",T-30,"T-30,T-5",,3.25,3072534
2026-08-26 23:30,133.07,女欧罗巴杯,斯普利女足,约灵女足,"HDC,HIL","T-30,T-5","T-30,T-5",1.75,3.5,3068824
2026-08-26 23:30,133.07,捷克杯,乌赫尔斯基,阿蒂斯布尔诺,"HDC,HIL",T-30,"T-30,T-5",,3.25,3068777
2026-08-26 23:30,133.07,捷克杯,卡拉路夫,洛科维塔维恩,"HDC,HIL",T-30,"T-30,T-5",,3.25,3068769
2026-08-26 23:30,133.07,捷克杯,本纳特凯,内拉托维斯,"HDC,HIL",T-30,"T-30,T-5",,3.25,3068763
2026-08-26 23:30,133.07,捷克杯,FK莫斯特,普日布拉姆,"HDC,HIL","T-30,T-5","T-30,T-5",0.25,2.5,3068762
2026-08-26 23:45,132.82,科威特联,艾沙比KUW,杰拉,"HDC,HIL",T-5,"T-30,T-5",-0.25,2.25,3067696
2026-08-26 23:45,132.82,沙地甲,亚达禾,阿尔泰,"HDC,HIL","T-30,T-5","T-30,T-5",0.25,2.75,3048458
2026-08-27 00:00,132.57,挪威杯,瓦尔豪格,桑德尼斯,"HDC,HIL",T-5,"T-30,T-5",2.25,4.0,3025989
2026-08-27 00:00,132.57,阿乙曼特秋,卡米尼罗斯,BsAs交流会,"HDC,HIL",T-5,"T-30,T-5",-0.25,2.0,2934763
2026-08-27 00:00,132.57,克亚U19,塞瓦特U19,NK苏林 U19,"HDC,HIL",T-5,T-30,-1.0,,3072565
2026-08-27 00:00,132.57,巴拉女联,雷科莱塔女足,波坦奴女足,"HDC,HIL","T-30,T-5",T-5,3.75,4.25,3072524
2026-08-27 00:00,132.57,格鲁杯,葛吉拉,阿拉吉夫杜塞提,"HDC,HIL",T-30,"T-30,T-5",,2.25,3068817
2026-08-27 00:00,132.57,沙特联,费萨里哈曼,哈萨征服,"HDC,HIL",T-30,"T-30,T-5",,2.75,3046955
2026-08-27 00:00,132.57,爱沙甲,潭美卡,塔林弗洛拉,"HDC,HIL","T-30,T-5","T-30,T-5",1.0,3.25,2931417
2026-08-27 00:05,132.49,沙地甲,阿尔兹拉费,麦加统一,"HDC,HIL","T-30,T-5","T-30,T-5",0.25,2.5,3048459
2026-08-27 00:30,132.07,瑞典杯,达斯托普斯,诺尔比,"HDC,HIL","T-30,T-5","T-30,T-5",1.0,3.25,3062057
2026-08-27 00:30,132.07,瑞典杯,波斯坦纳斯,北欧联FC,"HDC,HIL","T-30,T-5","T-30,T-5",1.75,3.5,3062056
2026-08-27 00:30,132.07,德地区北,舒宁根,圣保利业余队,"HDC,HIL","T-30,T-5","T-30,T-5",-0.5,3.25,3043338
2026-08-27 00:30,132.07,瑞典杯,斯德哥尔摩国际,哈马比,"HDC,HIL","T-30,T-5","T-30,T-5",1.5,3.25,3004381
2026-08-27 00:45,131.82,欧协联,维也纳快速,哈茨,"HDC,HIL","T-30,T-5","T-30,T-5",-1.0,3.0,3064854
2026-08-27 01:00,131.57,挪甲,斯托姆加斯特,禾特,"HDC,HIL","T-30,T-5","T-30,T-5",-2.0,3.75,2913121
2026-08-27 01:00,131.57,挪甲,斯塔贝克,兰黑姆,"HDC,HIL","T-30,T-5","T-30,T-5",-1.5,4.25,2913119
2026-08-27 01:00,131.57,挪甲,奥德,康斯文格,"HDC,HIL","T-30,T-5","T-30,T-5",0.25,4.25,2913117
2026-08-27 01:00,131.57,挪甲,莫斯,松达尔,"HDC,HIL","T-30,T-5","T-30,T-5",-0.25,3.25,2913116
2026-08-27 01:00,131.57,挪甲,海于格松,埃格尔森德,"HDC,HIL","T-30,T-5","T-30,T-5",-1.0,3.5,2913115
2026-08-27 01:00,131.57,挪甲,阿萨纳,利恩,"HDC,HIL","T-30,T-5","T-30,T-5",0.5,3.5,2913114
2026-08-27 01:00,131.57,球会友谊,泰拿沙,维拉诺瓦加图,"HDC,HIL",T-30,"T-30,T-5",,2.25,3072623
2026-08-27 01:00,131.57,塞尔U19,帕拉辛U19,马拉多特U19,"HDC,HIL","T-30,T-5","T-30,T-5",0.75,3.25,3072606
2026-08-27 01:00,131.57,女欧罗巴杯,格拉茨女足,吉特拉女足,"HDC,HIL",T-5,"T-30,T-5",-1.75,3.0,3068826
2026-08-27 20:00,112.57,哈萨克甲,卡拉特B队,FK阿雷斯,"HDC,HIL","T-30,T-5","T-30,T-5",-2.25,3.75,2965015
2026-08-27 21:00,111.57,阿后备,维拉圣卡罗斯后备队,拉费雷尔后备队,"HDC,HIL","T-30,T-5","T-30,T-5",-0.75,2.5,3072879
2026-08-27 21:00,111.57,阿后备,阿特兰大竞技后备队,卡塞罗斯学生队后备队,"HDC,HIL","T-30,T-5","T-30,T-5",-0.25,2.25,3072870
2026-08-27 21:30,111.07,埃及甲,三角洲联,霍尔比,"HDC,HIL",T-5,"T-30,T-5",0,1.75,3072643
2026-08-27 21:30,111.07,埃及甲,特萨纳体育,拉维耶纳,HIL,,"T-30,T-5",,1.75,3069286
2026-08-27 21:30,111.07,埃及甲,开罗FC,斯卡哈迪德,"HDC,HIL","T-30,T-5","T-30,T-5",0,1.75,3069285
2026-08-27 21:30,111.07,埃及甲,玛列亚特,坦塔,"HDC,HIL","T-30,T-5","T-30,T-5",-0.5,1.75,3069283
2026-08-27 21:30,111.07,埃及甲,卡巴阿斯玛利,普斯SC,"HDC,HIL","T-30,T-5","T-30,T-5",-0.25,2.0,3069282
2026-08-27 21:30,111.07,乌兹甲,布哈拉大学,比克波德,HIL,,"T-30,T-5",,3.0,2971072
2026-08-27 22:00,110.57,阿后备,皇家皮拉尔后备队,梅洛小阿根廷后备队,"HDC,HIL","T-30,T-5","T-30,T-5",-1.25,2.75,3072911
2026-08-27 22:00,110.57,阿后备,卡米尼罗斯后备队,弗朗德里亚后备队,"HDC,HIL","T-30,T-5","T-30,T-5",0,2.25,3072906
2026-08-27 22:00,110.57,埃及超,富图雷,马哈拉,"HDC,HIL","T-30,T-5","T-30,T-5",-0.25,1.5,3059425
2026-08-27 22:15,110.32,卡塔尔联,加拉法,艾沙姆,"HDC,HIL","T-30,T-5","T-30,T-5",0.25,3.0,3037785
2026-08-27 23:00,109.57,欧协联,古比斯,沙姆洛克流浪,"HDC,HIL","T-30,T-5","T-30,T-5",-0.25,2.5,3064852
2026-08-27 23:00,109.57,阿后备,阿马格罗后备队,萨尔塔迈特竞技后备队,"HDC,HIL","T-30,T-5","T-30,T-5",0,2.25,3072926
2026-08-27 23:00,109.57,阿后备,特里斯顿后备队,圣太摩后备队,"HDC,HIL","T-30,T-5","T-30,T-5",0,2.0,3072912
2026-08-27 23:00,109.57,阿后备,雷梅迪奥斯后备队,卡洛斯卡萨雷斯农业后备队,"HDC,HIL","T-30,T-5","T-30,T-5",-0.25,2.25,3072907
2026-08-27 23:00,109.57,挪威U19,汉坎U19,罗森博格U19,"HDC,HIL","T-30,T-5","T-30,T-5",0,4.75,3069294
2026-08-27 23:30,109.07,瑞典杯,法鲁BS,布洛马波卡纳,"HDC,HIL","T-30,T-5","T-30,T-5",2.25,3.5,3004383
2026-08-27 23:30,109.07,阿后备,阿卡苏索后备队,男孩竞技后备队,"HDC,HIL","T-30,T-5","T-30,T-5",0,1.75,3072925
2026-08-28 00:00,108.57,欧协联,卡拉巴克,特温特,"HDC,HIL","T-30,T-5","T-30,T-5",0.5,3.0,3064863
2026-08-28 00:00,108.57,欧协联,特拉维夫马卡比(中),卢加诺,"HDC,HIL","T-30,T-5","T-30,T-5",0,3.0,3064859
2026-08-28 00:00,108.57,欧协联,亚布洛内茨,格拉斯哥流浪者,"HDC,HIL","T-30,T-5","T-30,T-5",0.25,2.5,3064845
2026-08-28 00:00,108.57,欧罗巴杯,伊比利亚1999,比亚韦斯托克雅盖隆,"HDC,HIL","T-30,T-5","T-30,T-5",0.75,2.75,3064808
2026-08-28 00:00,108.57,欧罗巴杯,阿拉特亚美尼亚,克拉约瓦大学,"HDC,HIL","T-30,T-5","T-30,T-5",0.5,2.25,3064807
2026-08-28 00:00,108.57,球会友谊,拉瑞都,坎塔布力亚,"HDC,HIL",T-30,"T-30,T-5",,2.25,3072295
2026-08-28 00:00,108.57,巴林超,席特拉,玛基亚,"HDC,HIL",T-30,"T-30,T-5",,2.0,3069305
2026-08-28 00:00,108.57,巴林超,拿杰玛,哈尔迪亚,"HDC,HIL","T-30,T-5","T-30,T-5",1.0,2.75,3069304
2026-08-28 00:20,108.24,沙地甲,吉达里比亚,阿尔纳泽马,"HDC,HIL","T-30,T-5","T-30,T-5",0.75,2.25,3048462
2026-08-28 00:20,108.24,沙地甲,查巴莱,阿尔吉尔,"HDC,HIL",T-30,"T-30,T-5",,2.5,3048461
2026-08-28 00:30,108.07,卡塔尔联,威柯拉,赖扬,"HDC,HIL",T-30,T-30,,,3037786
2026-08-28 00:30,108.07,瑞典杯,FF林度,马尔默,"HDC,HIL",T-30,T-30,,,3004386
2026-08-28 00:30,108.07,瑞典杯,胡斯华纳,哥德堡盖斯,"HDC,HIL",T-30,T-30,,,3004385
2026-08-28 00:45,107.82,欧协联,摩纳哥,扎布热矿工,"HDC,HIL",T-30,T-30,,,3064856
2026-08-28 00:45,107.82,欧协联,弗赖堡,马瑟韦尔,"HDC,HIL",T-30,T-30,,,3064842
2026-08-28 04:00,104.57,阿尔甲,MC阿尔及尔,MC奥兰,"HDC,HIL","T-30,T-5","T-30,T-5",-1.0,2.0,3056740
2026-08-28 18:00,90.57,澳新南联,悉尼大学,保尼白鹰,HIL,,T-30,,,3072917
2026-08-28 18:00,90.57,澳新南联,骑警流浪,南海岸火焰,"HDC,HIL",T-30,T-30,,,3072916
2026-08-28 18:00,90.57,澳新南联,纳平联,格兰维利狂怒,HIL,,T-30,,,3072896
2026-08-28 18:00,90.57,澳新南联,费拉瑟,邓巴流浪者FC,"HDC,HIL",T-30,T-30,,,3072644
2026-08-28 18:00,90.57,波青联,历基亚青年队,波兹南莱赫青年队,"HDC,HIL",T-30,T-30,,,3039458
2026-08-28 18:00,90.57,韩女联,水原FCM女足,首尔亚马逊女足,"HDC,HIL",T-30,T-30,,,2960366
2026-08-28 18:00,90.57,韩女联,现代制铁女足,庆州FC女足,"HDC,HIL",T-30,T-30,,,2960365
2026-08-28 18:00,90.57,俄青联,阿尔玛兹安泰青年队,莫斯科中央陆军青年队,"HDC,HIL",T-30,T-30,,,2952556
2026-08-28 18:00,90.57,澳威甲,普罗斯佩联,赫斯特维尔,HIL,,T-30,,,2930653
2026-08-28 21:00,87.57,南非甲,戈摩拉联,文达,"HDC,HIL",T-30,T-30,,,3066261
2026-08-28 21:00,87.57,马来超,丁加奴,雪州,"HDC,HIL",T-30,T-30,,,3045641
2026-08-28 21:00,87.57,立陶乙,托拉斯,维尔提斯BFA,"HDC,HIL",T-30,T-30,,,3031180
2026-08-29 01:30,83.07,伊朗超,胡齐斯坦钢铁,德黑兰独立,"HDC,HIL",T-30,T-30,,,3069659
2026-08-29 01:30,83.07,奥甲,奥地利卢斯特瑙,WSG蒂罗尔,HIL,,T-30,,,3010624
2026-08-29 01:30,83.07,瑞士甲,伊韦尔东,韦尔,HIL,,T-30,,,3000927
2026-08-29 01:30,83.07,瑞士甲,温特图尔,乌契,"HDC,HIL",T-30,T-30,,,3000926
2026-08-29 01:30,83.07,瑞士甲,克里恩斯,尼奈斯,HDC,T-30,,,,3000925
2026-08-29 03:30,81.07,西甲,阿拉维斯,比利亚雷亚尔,HIL,,T-30,,,3013662
2026-08-29 08:00,76.57,美预备联,圣路易斯市B队,北德克萨斯,"HDC,HIL","T-30,T-5","T-30,T-5",-0.75,3.0,3069726
2026-08-29 08:00,76.57,美预备联,科罗拉多急流II,文图拉FC,HIL,,"T-30,T-5",,3.0,3069725
2026-08-29 08:00,76.57,墨西女超春,托卢卡女足,莱昂女足,HIL,,"T-30,T-5",,3.5,3045999
2026-08-29 08:00,76.57,萨尔超春,印加阿鲁巴,卡卡瓦蒂克,"HDC,HIL","T-30,T-5","T-30,T-5",0.25,2.25,3041890
2026-08-29 08:00,76.57,厄瓜甲,特克尼克,库恩卡,"HDC,HIL","T-30,T-5","T-30,T-5",-0.25,2.0,2937903
2026-08-29 08:00,76.57,美女职,哥谭女足,波特兰荆棘女足,"HDC,HIL","T-30,T-5","T-30,T-5",-1.25,3.0,2957023
2026-08-29 10:15,74.32,澳维U23,艾云达尔U23,休城U23,"HDC,HIL","T-30,T-5","T-30,T-5",-1.5,3.75,2939498
2026-08-29 10:30,74.07,墨西乙,阿里卡老虎队,萨卡特佩克,HIL,,T-30,,,3073030
2026-08-29 10:30,74.07,新西中联,佩托内,岛湾联,"HDC,HIL",T-30,T-30,,,3063969
2026-08-29 10:30,74.07,澳维U23,圣奥尔本斯圣特斯U23,丹德农迅雷U23,"HDC,HIL",T-30,T-30,,,2939503
2026-08-29 10:30,74.07,澳维U23,普雷斯顿莱恩U23,阿东那U23,"HDC,HIL",T-30,T-30,,,2939502
2026-08-29 10:30,74.07,澳维U23,欧克莱卡诺U23,丹德农市U23,HIL,,T-30,,,2939501
2026-08-29 10:30,74.07,澳维U23,黑德堡U23,班特列U23,"HDC,HIL",T-30,T-30,,,2939500
2026-08-29 10:30,74.07,澳维U23,乔治十字U23,南墨尔本U23,"HDC,HIL",T-30,T-30,,,2939499
2026-08-29 11:00,73.57,澳首U23,昆比亚城市U23(中),塔格拉诺联U23,"HDC,HIL",T-30,T-30,,,3073619
2026-08-29 11:00,73.57,新西北联,陶朗加市联,曼努联合,"HDC,HIL",T-30,T-30,,,3063981
2026-08-29 11:00,73.57,新西北联,伊斯特恩沙伯奥克兰,奥克兰FC后备队,"HDC,HIL",T-30,T-30,,,3063980
2026-08-29 11:00,73.57,新西北联,东海岸海湾,奥克兰联,"HDC,HIL",T-30,T-30,,,3063979
2026-08-29 11:00,73.57,新西北联,芬奇布尔斯联,西斯普林斯,"HDC,HIL",T-30,T-30,,,3063978
2026-08-29 11:00,73.57,新西北联,梅尔维尔联合,奥克兰城,HIL,,T-30,,,3063976
2026-08-29 11:00,73.57,新西北联,奥林匹克湾,伯肯黑德联,"HDC,HIL",T-30,T-30,,,3063977
2026-08-29 11:10,73.41,墨西联秋,蒂华纳,美洲狮,"HDC,HIL","T-30,T-5","T-30,T-5",-0.5,2.5,2997386
2026-08-29 12:30,72.07,澳塔女超,朗塞斯顿联女足,德文波特前锋女足,"HDC,HIL",T-30,T-30,,,3073633
2026-08-29 12:30,72.07,澳塔女超,金布洛治狮队女足,格勒诺奇骑士女足,"HDC,HIL",T-30,T-30,,,3072966
2026-08-29 12:30,72.07,新西中联,威灵顿凤凰后备队,上哈特市,"HDC,HIL",T-30,T-30,,,3063967
2026-08-29 13:30,71.07,澳南女超,西阿德莱女足,托列斯比卡拉女足,"HDC,HIL",T-30,T-30,,,3072961
2026-08-29 13:30,71.07,澳南超,普雷福特,阿德莱德城,HDC,T-30,,,,3072359
2026-08-29 13:30,71.07,澳南甲,阿德莱德蓝鹰,阿德莱德SC,"HDC,HIL",T-30,T-30,,,3072350
2026-08-29 14:00,70.57,日足联,丸安冈崎,大分公式,"HDC,HIL",T-30,T-30,,,3071067
2026-08-29 18:15,66.32,波兰超,拉多麦科,克拉科维亚,"HDC,HIL","T-30,T-5",T-5,0,2.5,3003128
2026-08-29 18:30,66.07,韩K联,蔚山HD,金泉尚武,"HDC,HIL","T-30,T-5","T-30,T-5",-0.25,2.75,2929706
2026-08-29 18:30,66.07,韩K联,富川FC,FC安养,"HDC,HIL","T-30,T-5","T-30,T-5",0,2.5,2929705
2026-08-29 18:30,66.07,韩K2联,城南FC,首尔衣恋,"HDC,HIL","T-30,T-5","T-30,T-5",0.5,2.5,2925523
2026-08-29 18:30,66.07,韩K2联,华城FC,忠北清州,"HDC,HIL","T-30,T-5","T-30,T-5",-0.5,2.5,2925522
2026-08-29 18:30,66.07,韩K2联,庆南FC,坡州市民,"HDC,HIL","T-30,T-5","T-30,T-5",-0.25,2.25,2925521
2026-08-29 18:30,66.07,韩K2联,金浦市民,水原三星,"HDC,HIL",T-5,"T-30,T-5",0.5,2.5,2925520
2026-08-29 19:00,65.57,德乙,卡尔斯鲁厄,沃尔夫斯堡,"HDC,HIL","T-30,T-5","T-30,T-5",0.25,3.0,3019115
2026-08-29 19:00,65.57,德乙,海登海姆,德累斯顿,"HDC,HIL","T-30,T-5","T-30,T-5",-0.25,3.0,3019114
2026-08-29 19:00,65.57,德乙,科特布斯,菲尔特,"HDC,HIL","T-30,T-5","T-30,T-5",0,3.0,3019112
2026-08-29 19:00,65.57,丹麦甲,科灵,AB格莱萨克瑟,"HDC,HIL","T-30,T-5","T-30,T-5",-0.25,3.0,2998099
2026-08-29 19:00,65.57,中甲,陕西联合月亮泊队,延边龙鼎,"HDC,HIL","T-30,T-5","T-30,T-5",-0.5,2.5,2951629
2026-08-29 19:00,65.57,中超,天津津门虎,青岛西海岸,"HDC,HIL","T-30,T-5","T-30,T-5",-0.5,2.0,2944802
2026-08-29 19:00,65.57,中超,浙江俱乐部绿城,云南玉昆,"HDC,HIL","T-30,T-5","T-30,T-5",-1.0,4.0,2944801
2026-08-29 19:00,65.57,芬乙,TPV谭柏利,中新地,"HDC,HIL","T-30,T-5","T-30,T-5",-0.25,3.5,2943281
2026-08-29 19:00,65.57,芬乙,洛瓦涅米,云塔,"HDC,HIL","T-30,T-5","T-30,T-5",-0.25,3.5,2943280
2026-08-29 19:00,65.57,芬乙,OLS奥陆,坦佩雷,"HDC,HIL","T-30,T-5","T-30,T-5",0,3.5,2943279
2026-08-29 19:00,65.57,芬乙,古比斯青年队,莎埃帕,"HDC,HIL","T-30,T-5","T-30,T-5",0.5,3.75,2943278
2026-08-29 19:00,65.57,芬乙,韦斯屈莱,KPV科高拉,"HDC,HIL","T-30,T-5","T-30,T-5",-1.75,4.25,2943277
2026-08-29 19:00,65.57,芬乙,爵士,国际图尔库B队,"HDC,HIL","T-30,T-5","T-30,T-5",-0.5,4.0,2943276
2026-08-29 19:00,65.57,瑞典乙北,埃斯基尔斯蒂纳,索伦蒂纳联,"HDC,HIL","T-30,T-5","T-30,T-5",-0.75,3.0,2920116
2026-08-29 19:00,65.57,瑞典乙南,艾斯基斯迈,哈萨赫姆斯,"HDC,HIL","T-30,T-5","T-30,T-5",0,2.75,2919877
2026-08-29 19:00,65.57,瑞典乙南,安吉尔霍姆斯,佐高平斯,"HDC,HIL","T-30,T-5","T-30,T-5",0.25,2.5,2919876
2026-08-29 19:00,65.57,瑞典甲,卢恩斯基尔,韦纳穆,"HDC,HIL","T-30,T-5","T-30,T-5",-0.5,2.75,2914674
2026-08-29 19:00,65.57,瑞典甲,兰斯科罗纳,奥斯特桑斯,"HDC,HIL","T-30,T-5","T-30,T-5",0,2.5,2914673
2026-08-29 19:00,65.57,瑞典女超,AIK索尔纳女足,克里斯提斯塔女足,"HDC,HIL","T-30,T-5","T-30,T-5",0,2.75,2911350
2026-08-29 19:30,65.07,英冠,德比郡,斯旺西,"HDC,HIL","T-30,T-5","T-30,T-5",0,2.25,3008186
2026-08-29 19:30,65.07,英冠,狼队,斯托克城,"HDC,HIL","T-30,T-5","T-30,T-5",-0.75,2.5,3008184
2026-08-29 19:30,65.07,英冠,米德尔斯堡,西布罗姆维奇,"HDC,HIL","T-30,T-5","T-30,T-5",-0.75,2.75,3008180
2026-08-29 19:30,65.07,英乙,维尔港,克鲁,"HDC,HIL","T-30,T-5","T-30,T-5",-0.25,2.5,3007620
2026-08-29 19:30,65.07,英乙,巴尼特,切尔滕汉姆,"HDC,HIL","T-30,T-5","T-30,T-5",-1.0,2.75,3007614
2026-08-29 19:30,65.07,英甲,米尔顿凯恩斯,莱斯特城,"HDC,HIL","T-30,T-5","T-30,T-5",0,2.75,3007060
2026-08-29 19:30,65.07,英甲,布莱克浦,彼得堡联,"HDC,HIL","T-30,T-5","T-30,T-5",-0.25,3.0,3007056
2026-08-29 19:30,65.07,英超,利物浦,诺丁汉森林,"HDC,HIL","T-30,T-5","T-30,T-5",-1.25,3.0,3003865
2026-08-29 19:30,65.07,中甲,石家庄功夫,无锡吴钩,"HDC,HIL","T-30,T-5","T-30,T-5",0,2.25,2951632
2026-08-29 19:30,65.07,中甲,南京城市,广西恒宸,"HDC,HIL",T-5,"T-30,T-5",0.5,2.5,2951631
2026-08-29 19:30,65.07,中甲,佛山南狮,深圳青年人,"HDC,HIL","T-30,T-5","T-30,T-5",0.75,3.25,2951630
2026-08-29 19:30,65.07,爱沙甲,诺米联,哈留足球学院,"HDC,HIL","T-30,T-5","T-30,T-5",0,3.25,2931430
2026-08-29 19:35,64.99,中超,成都蓉城,辽宁铁人,"HDC,HIL","T-30,T-5","T-30,T-5",-1.25,3.25,2944803
2026-08-29 20:00,64.57,爱U20,德罗赫达联U20,都柏林大学U20,"HDC,HIL","T-30,T-5","T-30,T-5",0,3.25,3073887
2026-08-29 20:00,64.57,德女联,斯图加特女足,汉堡女足,"HDC,HIL","T-30,T-5","T-30,T-5",-1.0,3.0,3034770
2026-08-29 20:00,64.57,德地区巴,梅明根,翁特哈兴,"HDC,HIL","T-30,T-5","T-30,T-5",0,2.5,3027144
2026-08-29 20:00,64.57,德地区巴,伊勒迪森,拜仁慕尼黑青年队,"HDC,HIL","T-30,T-5","T-30,T-5",-0.75,3.25,3027143
2026-08-29 20:00,64.57,德地区巴,VfB艾斯特,奥布斯塔特,"HDC,HIL","T-30,T-5","T-30,T-5",0.75,2.75,3027142
2026-08-29 20:00,64.57,德地区巴,布格豪森,DJK维勒兹,"HDC,HIL",T-5,"T-30,T-5",-0.25,3.0,3027141
2026-08-29 20:00,64.57,德地区巴,布赫巴赫,拜列治,HIL,,"T-30,T-5",,3.0,3027140
2026-08-29 20:00,64.57,德地区东北,柏林赫塔青年队,哈雷斯彻,"HDC,HIL",T-30,"T-30,T-5",,3.0,3026439
2026-08-29 20:00,64.57,德丙,韦恩,埃森,"HDC,HIL","T-30,T-5","T-30,T-5",0.25,3.0,3026024
2026-08-29 20:00,64.57,德丙,SC维尔,幸运科隆,"HDC,HIL","T-30,T-5","T-30,T-5",-0.5,3.0,3026022
2026-08-29 20:00,64.57,德丙,格罗巴斯帕奇,因戈尔施塔特,"HDC,HIL","T-30,T-5","T-30,T-5",0,2.75,3026018
2026-08-29 20:00,64.57,德丙,杜伊斯堡,维尔茨堡踢球者,"HDC,HIL","T-30,T-5","T-30,T-5",-1.0,2.75,3026016
2026-08-29 20:00,64.57,德丙,亚琛,梅彭,"HDC,HIL","T-30,T-5","T-30,T-5",-1.0,3.0,3026015
2026-08-29 20:00,64.57,丹麦丙,梵鲁斯,弗雷姆,"HDC,HIL",T-30,"T-30,T-5",,2.5,3021007
2026-08-29 20:00,64.57,丹麦乙,海勒鲁普,米德法特,"HDC,HIL","T-30,T-5","T-30,T-5",0.5,3.0,3020874
2026-08-29 20:00,64.57,丹麦乙,布拉布兰,B93哥本哈根,"HDC,HIL","T-30,T-5","T-30,T-5",0.75,3.25,3020873
2026-08-29 20:00,64.57,俄超,沃罗涅日火炬,圣彼得堡泽尼特,"HDC,HIL","T-30,T-5","T-30,T-5",0.75,2.25,3012277
2026-08-29 20:00,64.57,英乙,罗瑟汉姆,切斯特菲尔德,"HDC,HIL","T-30,T-5","T-30,T-5",0.25,2.5,3007621
2026-08-29 20:00,64.57,丹麦甲,奥尔堡,靴尔科治,"HDC,HIL","T-30,T-5","T-30,T-5",-0.75,3.0,2998100
2026-08-29 20:00,64.57,法乙,红星,兰斯,"HDC,HIL","T-30,T-5","T-30,T-5",0,2.5,2997706
2026-08-29 20:00,64.57,法乙,阿纳西,梅斯,"HDC,HIL","T-30,T-5","T-30,T-5",0.25,2.25,2997699
2026-08-29 20:00,64.57,哈萨克超,乌利塔哲兹卡兹甘,斯咸迪苏,"HDC,HIL","T-30,T-5","T-30,T-5",-0.25,2.25,2953355
2026-08-29 20:00,64.57,中甲,定南赣联,苏州东吴,"HDC,HIL","T-30,T-5","T-30,T-5",0,2.5,2951633
2026-08-29 20:00,64.57,中超,河南队,重庆铜梁龙,"HDC,HIL","T-30,T-5","T-30,T-5",-1.5,2.75,2944806
2026-08-29 20:00,64.57,拉脱超,格洛比纳,陶格夫匹尔斯,"HDC,HIL","T-30,T-5","T-30,T-5",0.25,2.5,2940737
2026-08-29 20:00,64.57,瑞典丙NG,阿拉佛斯,库姆拉,"HDC,HIL","T-30,T-5","T-30,T-5",-1.0,3.0,2927328
2026-08-29 20:15,64.32,马来超,柔佛,马来星城,"HDC,HIL","T-30,T-5","T-30,T-5",-4.75,5.5,3045643
2026-08-29 20:30,64.07,波兰乙,威亚斯威德尼克,列治亚高拉,"HDC,HIL","T-30,T-5",T-30,-0.5,,3035882
2026-08-29 20:30,64.07,乌克超,利维贝雷,卡帕迪,"HDC,HIL",T-30,"T-30,T-5",,2.5,3012496
2026-08-29 20:45,63.82,法丙,维利法兰,鲁昂,"HDC,HIL","T-30,T-5","T-30,T-5",0.25,2.5,3019980
2026-08-29 20:45,63.82,法丙,瓦朗谢纳,孔卡诺,"HDC,HIL","T-30,T-5","T-30,T-5",-0.25,2.25,3019979
2026-08-29 20:45,63.82,法丙,蒂翁维尔,巴黎13区竞技,"HDC,HIL",T-5,"T-30,T-5",-0.5,2.0,3019978
2026-08-29 20:45,63.82,法丙,克维伊,弗勒里梅洛吉斯,"HDC,HIL","T-30,T-5","T-30,T-5",0.25,2.25,3019977
2026-08-29 20:45,63.82,法丙,奥兰斯,永河畔拉罗什,"HDC,HIL","T-30,T-5","T-30,T-5",-0.25,2.5,3019976
2026-08-29 20:45,63.82,法丙,戛纳,奥维涅,"HDC,HIL","T-30,T-5","T-30,T-5",-0.25,2.25,3019975
2026-08-29 20:45,63.82,法丙,欧巴涅,普瑞兰斯,"HDC,HIL",T-5,"T-30,T-5",-0.25,2.25,3019973
2026-08-29 20:45,63.82,法丙,亚眠,维尔赛斯,"HDC,HIL",T-30,"T-30,T-5",,2.5,3019972
2026-08-29 20:45,63.82,匈甲,尼尔吉哈萨,保克什,"HDC,HIL","T-30,T-5","T-30,T-5",-0.25,3.25,3011393
2026-08-29 20:45,63.82,波兰超,莫托路宾,皮亚斯特,"HDC,HIL","T-30,T-5","T-30,T-5",-0.25,3.0,3003127
2026-08-29 21:00,63.57,葡甲,科英布拉大学,鲁席塔尼亚FC,"HDC,HIL","T-30,T-5","T-30,T-5",-0.25,2.25,3023764
2026-08-29 21:00,63.57,俄甲,列宁格勒达,卡马斯,"HDC,HIL","T-30,T-5","T-30,T-5",0,2.25,3021962
2026-08-29 21:00,63.57,罗甲,FK米耶尔库雷亚丘克,克卢日,"HDC,HIL","T-30,T-5","T-30,T-5",0.5,2.5,3010403
2026-08-29 21:00,63.57,哈萨克超,热尼斯,阿勒泰瑟美,"HDC,HIL","T-30,T-5","T-30,T-5",-0.5,2.5,2953357
2026-08-29 21:00,63.57,白俄超,明斯克迪纳摩,巴拉诺维治,"HDC,HIL","T-30,T-5","T-30,T-5",-1.5,3.0,2948580
2026-08-29 21:00,63.57,芬甲,MP米克力,PK-35海辛基,"HDC,HIL","T-30,T-5","T-30,T-5",0.25,2.75,2921924
2026-08-29 21:00,63.57,瑞典甲,法尔肯堡,布拉格,"HDC,HIL",T-5,"T-30,T-5",-0.5,2.75,2914671
2026-08-29 21:00,63.57,瑞典超,赫根,瓦斯特拉斯,"HDC,HIL",T-5,"T-30,T-5",-1.25,3.25,2912256
2026-08-29 21:00,63.57,瑞典超,埃尔夫斯堡,代格福什,"HDC,HIL","T-30,T-5","T-30,T-5",-1.0,2.75,2912253
2026-08-29 21:00,63.57,爱U20,科克城U20,布雷流浪者U20,"HDC,HIL",T-30,"T-30,T-5",,3.5,3074070
2026-08-29 21:30,63.07,德甲,柏林联合,法兰克福,"HDC,HIL","T-30,T-5","T-30,T-5",0,3.0,3018794
2026-08-29 21:30,63.07,德甲,RB莱比锡,门兴格拉德巴赫,"HDC,HIL","T-30,T-5","T-30,T-5",-1.0,3.25,3018793
2026-08-29 21:30,63.07,德甲,美因茨,帕德博恩,"HDC,HIL","T-30,T-5","T-30,T-5",-1.0,3.25,3018792
2026-08-29 21:30,63.07,德甲,科隆,霍芬海姆,"HDC,HIL","T-30,T-5","T-30,T-5",0.25,3.0,3018790
2026-08-29 21:30,63.07,德甲,埃弗斯堡,勒沃库森,"HDC,HIL","T-30,T-5","T-30,T-5",1.0,3.25,3018789
2026-08-29 21:30,63.07,波兰甲,涅波沃米采,保德比斯基,"HDC,HIL","T-30,T-5","T-30,T-5",0,2.5,3004969
2026-08-29 21:30,63.07,波兰甲,华沙普罗尼亚,列治亚,"HDC,HIL","T-30,T-5","T-30,T-5",-0.75,3.0,3004968
2026-08-29 21:30,63.07,波兰甲,西德尔策,史塔麦列克,"HDC,HIL","T-30,T-5","T-30,T-5",0.25,2.75,3004967
2026-08-29 21:55,62.66,阿联酋超,豪尔费坎,迪哈夫拉,"HDC,HIL","T-30,T-5","T-30,T-5",-0.25,2.75,3057134
2026-08-29 21:55,62.66,阿联酋超,阿布扎比半岛,阿治曼,"HDC,HIL","T-30,T-5","T-30,T-5",-1.0,3.0,3057133
2026-08-29 22:00,62.57,爱尔高联,卡斯勒维,布拉尼联,"HDC,HIL","T-30,T-5","T-30,T-5",-0.25,3.0,3073806
2026-08-29 22:00,62.57,芬乙A升,PEPO拉宾兰塔,PPJ学院,"HDC,HIL","T-30,T-5","T-30,T-5",-1.25,3.75,3072784
2026-08-29 22:00,62.57,爱女联,沙姆洛克流浪女足,阿斯隆城女足,"HDC,HIL","T-30,T-5","T-30,T-5",0.75,2.75,3070053
2026-08-29 22:00,62.57,爱女联,FC特瑞特联女足,波希米亚人女足,"HDC,HIL","T-30,T-5","T-30,T-5",-0.5,2.75,3070051
2026-08-29 22:00,62.57,爱女联,DLR波浪女足,皮耶茂联女足,"HDC,HIL","T-30,T-5","T-30,T-5",0.75,2.5,3070050
2026-08-29 22:00,62.57,乌拉甲秋,普罗格雷索俱乐部,丹奴比奥,"HDC,HIL","T-30,T-5","T-30,T-5",0.25,2.25,3069851
2026-08-29 22:00,62.57,阿塞超,卡巴拉,沙马基,"HDC,HIL","T-30,T-5","T-30,T-5",-0.25,2.0,3041542
2026-08-29 22:00,62.57,捷乙,切斯卡阿森纳,维拉斯姆,"HDC,HIL","T-30,T-5","T-30,T-5",0,3.0,3040102
2026-08-29 22:00,62.57,英议南,沃尔顿赫咸,杜金,"HDC,HIL","T-30,T-5","T-30,T-5",1.0,3.5,3028832
2026-08-29 22:00,62.57,英议南,特鲁罗城,达根汉姆,"HDC,HIL","T-30,T-5","T-30,T-5",-0.25,2.5,3028831
2026-08-29 22:00,62.57,英议南,托奎联,富莫咸普顿,"HDC,HIL","T-30,T-5","T-30,T-5",-1.5,3.0,3028830
2026-08-29 22:00,62.57,英议南,史洛治,福克斯顿,"HDC,HIL","T-30,T-5","T-30,T-5",0.75,3.0,3028829
2026-08-29 22:00,62.57,英议南,梅德斯托联,索尔兹伯里FC,"HDC,HIL","T-30,T-5","T-30,T-5",-0.75,3.0,3028828
2026-08-29 22:00,62.57,英议南,霍舍姆,法纳姆城,"HDC,HIL","T-30,T-5","T-30,T-5",-0.5,3.0,3028827
2026-08-29 22:00,62.57,英议南,希美咸史特城,维斯顿,"HDC,HIL","T-30,T-5","T-30,T-5",0,2.25,3028826
2026-08-29 22:00,62.57,英议南,多佛,布伦特里,"HDC,HIL","T-30,T-5","T-30,T-5",-0.25,2.75,3028824
2026-08-29 22:00,62.57,英议南,车姆斯福特,麦德黑联,"HDC,HIL","T-30,T-5","T-30,T-5",-0.5,2.75,3028823
2026-08-29 22:00,62.57,英议南,比利列卡尔镇,汤桥天使,"HDC,HIL","T-30,T-5","T-30,T-5",-0.25,2.5,3028822
2026-08-29 22:00,62.57,英议南,托顿,车斯曼,"HDC,HIL","T-30,T-5",T-5,0.25,2.75,3028821
2026-08-29 22:00,62.57,英议北,梅瑟镇,切奥尔雷,"HDC,HIL","T-30,T-5","T-30,T-5",-0.25,3.0,3028282
2026-08-29 22:00,62.57,英议北,斯伯丁,沃克索谱镇,"HDC,HIL","T-30,T-5","T-30,T-5",-0.25,2.75,3028281
2026-08-29 22:00,62.57,英议北,史卡保罗夫,南港队,"HDC,HIL","T-30,T-5","T-30,T-5",-0.75,2.75,3028280
2026-08-29 22:00,62.57,英议北,海运联,雷德利费,"HDC,HIL","T-30,T-5","T-30,T-5",-0.25,2.75,3028277
2026-08-29 22:00,62.57,英议北,赫雷福德,切斯特,"HDC,HIL","T-30,T-5","T-30,T-5",0.25,2.5,3028276
2026-08-29 22:00,62.57,英议北,禾布本尼镇,京士拉,"HDC,HIL","T-30,T-5","T-30,T-5",0,2.5,3028274
2026-08-29 22:00,62.57,英议北,达宁顿,马科斯菲尔德,"HDC,HIL","T-30,T-5","T-30,T-5",0.5,3.0,3028273
2026-08-29 22:00,62.57,英议北,巴克利城,南希尔兹,"HDC,HIL","T-30,T-5","T-30,T-5",0.5,3.0,3028272
2026-08-29 22:00,62.57,英议北,巴福特城,斯彭尼穆尔城,"HDC,HIL","T-30,T-5","T-30,T-5",-0.25,2.75,3028271
2026-08-29 22:00,62.57,德地区东北,茨维考FC,巴贝斯堡,"HDC,HIL","T-30,T-5","T-30,T-5",-0.5,3.0,3026444
2026-08-29 22:00,62.57,俄甲,伊凡诺沃,韦莱斯,"HDC,HIL","T-30,T-5","T-30,T-5",0.25,2.25,3021968
2026-08-29 22:00,62.57,俄甲,图拉兵工厂,乌拉尔,"HDC,HIL","T-30,T-5","T-30,T-5",0.25,2.25,3021961
2026-08-29 22:00,62.57,北爱超,利马瓦迪,林菲尔德,"HDC,HIL","T-30,T-5","T-30,T-5",1.25,3.0,3011581
2026-08-29 22:00,62.57,北爱超,格伦托兰,克鲁萨德,"HDC,HIL","T-30,T-5","T-30,T-5",-1.5,3.25,3011580
2026-08-29 22:00,62.57,北爱超,克里夫顿维尔,邓甘嫩,"HDC,HIL","T-30,T-5","T-30,T-5",-0.5,2.75,3011579
2026-08-29 22:00,62.57,北爱超,FC宾高,卡域克流浪,"HDC,HIL","T-30,T-5","T-30,T-5",1.0,2.75,3011578
2026-08-29 22:00,62.57,英冠,卡迪夫城,谢菲尔德联队,"HDC,HIL","T-30,T-5","T-30,T-5",0.25,3.0,3008185
2026-08-29 22:00,62.57,英冠,沃特福德,西汉姆联,"HDC,HIL","T-30,T-5","T-30,T-5",0.75,3.0,3008183
2026-08-29 22:00,62.57,英冠,南安普敦,米尔沃尔,"HDC,HIL","T-30,T-5","T-30,T-5",-0.5,3.0,3008182
2026-08-29 22:00,62.57,英冠,诺维奇,伯恩利,"HDC,HIL","T-30,T-5","T-30,T-5",-0.5,2.75,3008181
2026-08-29 22:00,62.57,英冠,查尔顿,普雷斯顿,"HDC,HIL","T-30,T-5","T-30,T-5",-0.25,2.5,3008179
2026-08-29 22:00,62.57,英冠,布里斯托城,朴茨茅斯,"HDC,HIL","T-30,T-5","T-30,T-5",-0.25,2.5,3008178
2026-08-29 22:00,62.57,英冠,博尔顿,林肯城,"HDC,HIL","T-30,T-5","T-30,T-5",0,2.5,3008177
2026-08-29 22:00,62.57,英冠,布莱克本,女王公园巡游者,"HDC,HIL","T-30,T-5","T-30,T-5",0.25,2.5,3008176
2026-08-29 22:00,62.57,英乙,纽波特,特兰米尔,"HDC,HIL","T-30,T-5","T-30,T-5",0.25,2.25,3007625
2026-08-29 22:00,62.57,英乙,约克城,埃克塞特城,"HDC,HIL","T-30,T-5","T-30,T-5",-1.0,2.75,3007624
2026-08-29 22:00,62.57,英乙,沃尔索尔,阿克灵顿,"HDC,HIL","T-30,T-5","T-30,T-5",-0.25,2.5,3007623
2026-08-29 22:00,62.57,英乙,什鲁斯伯里,索尔福德市,"HDC,HIL","T-30,T-5","T-30,T-5",0.5,2.5,3007622
2026-08-29 22:00,62.57,英乙,奥德汉姆,斯文登,"HDC,HIL","T-30,T-5","T-30,T-5",-0.75,2.5,3007619
2026-08-29 22:00,62.57,英乙,格林斯比,弗利特伍德,"HDC,HIL","T-30,T-5","T-30,T-5",-0.5,2.5,3007618
2026-08-29 22:00,62.57,英乙,吉林汉姆,北安普敦,"HDC,HIL","T-30,T-5","T-30,T-5",0.25,2.25,3007617
2026-08-29 22:00,62.57,英乙,克劳利,布里斯托流浪,"HDC,HIL","T-30,T-5","T-30,T-5",0.75,2.75,3007616
2026-08-29 22:00,62.57,英乙,科切斯特联,罗奇代尔,"HDC,HIL","T-30,T-5","T-30,T-5",-0.5,2.5,3007615
2026-08-29 22:00,62.57,英甲,斯托克港,韦康比流浪者,"HDC,HIL","T-30,T-5","T-30,T-5",-0.5,2.5,3007066
2026-08-29 22:00,62.57,英甲,斯蒂文尼奇,唐卡斯特,"HDC,HIL","T-30,T-5","T-30,T-5",-0.25,2.25,3007065
2026-08-29 22:00,62.57,英甲,谢周三,布罗姆利,"HDC,HIL","T-30,T-5","T-30,T-5",-0.5,2.5,3007064
2026-08-29 22:00,62.57,英甲,普利茅斯,布拉德福德,"HDC,HIL","T-30,T-5","T-30,T-5",-0.25,2.75,3007063
2026-08-29 22:00,62.57,英甲,诺茨郡,伯顿,"HDC,HIL","T-30,T-5","T-30,T-5",-0.25,2.5,3007061
2026-08-29 22:00,62.57,英甲,莱顿东方,巴恩斯利,"HDC,HIL","T-30,T-5","T-30,T-5",-0.25,2.75,3007058
2026-08-29 22:00,62.57,英甲,剑桥联,哈德斯菲尔德,"HDC,HIL","T-30,T-5","T-30,T-5",0,2.5,3007057
2026-08-29 22:00,62.57,比乙,RFC列日,登德,"HDC,HIL","T-30,T-5","T-30,T-5",0.25,2.75,3005374
2026-08-29 22:00,62.57,比乙,安德莱赫特B队,比斯查,"HDC,HIL","T-30,T-5","T-30,T-5",1.0,3.0,3005373
2026-08-29 22:00,62.57,英超,考文垂,赫尔城,"HDC,HIL","T-30,T-5","T-30,T-5",-0.75,2.75,3003862
2026-08-29 22:00,62.57,英超,伯恩茅斯,埃弗顿,"HDC,HIL","T-30,T-5","T-30,T-5",-0.25,2.75,3003859
2026-08-29 22:00,62.57,比甲,拉路维尔,梅赫伦,"HDC,HIL","T-30,T-5","T-30,T-5",-0.25,2.25,3003548
2026-08-29 22:00,62.57,苏乙,斯巴顿斯,加迪,"HDC,HIL","T-30,T-5","T-30,T-5",0,3.0,3002616
2026-08-29 22:00,62.57,苏乙,斯青威尔,凯尔蒂赫斯,"HDC,HIL","T-30,T-5","T-30,T-5",-0.25,2.75,3002615
2026-08-29 22:00,62.57,苏乙,埃尔金城,艾比安斯特宁,"HDC,HIL","T-30,T-5","T-30,T-5",-0.5,2.75,3002614
2026-08-29 22:00,62.57,苏乙,安南竞技,邓巴顿,"HDC,HIL","T-30,T-5","T-30,T-5",-0.5,2.75,3002612
2026-08-29 22:00,62.57,苏甲,蒙特罗斯,南部女王,"HDC,HIL","T-30,T-5","T-30,T-5",-0.5,2.75,3002435
2026-08-29 22:00,62.57,苏甲,哈密尔顿,科夫流浪者,"HDC,HIL","T-30,T-5","T-30,T-5",-1.0,2.75,3002434
2026-08-29 22:00,62.57,苏甲,艾洛亚,彼得黑德,"HDC,HIL","T-30,T-5","T-30,T-5",-0.5,2.5,3002433
2026-08-29 22:00,62.57,苏甲,艾尔德里联,东法夫郡,"HDC,HIL","T-30,T-5","T-30,T-5",-0.5,2.5,3002432
2026-08-29 22:00,62.57,苏冠,斯坦豪斯摩尔,因弗内斯,"HDC,HIL","T-30,T-5","T-30,T-5",0.75,2.5,3002251
2026-08-29 22:00,62.57,苏冠,帕尔蒂克,女王公园,"HDC,HIL","T-30,T-5","T-30,T-5",-1.5,2.75,3002250
2026-08-29 22:00,62.57,苏冠,艾尔联,摩顿,"HDC,HIL","T-30,T-5","T-30,T-5",-0.75,2.25,3002248
2026-08-29 22:00,62.57,苏冠,阿布罗斯,利文斯顿,"HDC,HIL","T-30,T-5","T-30,T-5",0.5,2.5,3002247
2026-08-29 22:00,62.57,苏超,基马诺克,邓迪联,"HDC,HIL","T-30,T-5","T-30,T-5",0,3.0,3002056
2026-08-29 22:00,62.57,苏超,哈茨,圣约翰斯通,"HDC,HIL","T-30,T-5","T-30,T-5",-0.75,2.75,3002055
2026-08-29 22:00,62.57,苏超,凯尔特人,福尔柯克,"HDC,HIL","T-30,T-5","T-30,T-5",-1.75,3.25,3002053
2026-08-29 22:00,62.57,拉脱超,图库姆斯,叶尔加瓦,"HDC,HIL","T-30,T-5","T-30,T-5",0,2.75,2940738
2026-08-29 22:00,62.57,爱沙甲,库雷撒勒,派尔努瓦普斯,"HDC,HIL","T-30,T-5","T-30,T-5",0,3.0,2931431
2026-08-29 22:00,62.57,冰岛甲,雷克尼,嘉德维克,"HDC,HIL","T-30,T-5","T-30,T-5",0.5,3.25,2931295
2026-08-29 22:00,62.57,冰岛甲,格林达维克,HK科帕沃格,"HDC,HIL","T-30,T-5","T-30,T-5",0,3.75,2931294
2026-08-29 22:00,62.57,冰岛甲,阿费查尔丁,维斯特瑞,"HDC,HIL","T-30,T-5","T-30,T-5",-2.25,3.75,2931293
2026-08-29 22:00,62.57,芬甲,EIF埃克纳斯,吉普,"HDC,HIL","T-30,T-5","T-30,T-5",0.25,2.5,2921925
2026-08-29 22:00,62.57,瑞典乙北,斯托克松德,FC阿尔兰达,"HDC,HIL","T-30,T-5","T-30,T-5",0.5,3.75,2920122
2026-08-29 22:00,62.57,瑞典乙北,贾法拉,阿西里斯卡,"HDC,HIL","T-30,T-5","T-30,T-5",0.75,3.0,2920121
2026-08-29 22:00,62.57,瑞典乙北,耶夫勒,卡尔斯塔德,"HDC,HIL","T-30,T-5","T-30,T-5",0.5,2.25,2920119
2026-08-29 22:00,62.57,瑞典乙南,特瓦克斯,斯柯维德,"HDC,HIL","T-30,T-5","T-30,T-5",-0.25,3.0,2919883
2026-08-29 22:00,62.57,瑞典乙南,罗森加德,特罗尔海坦,"HDC,HIL","T-30,T-5","T-30,T-5",-0.75,3.0,2919881
2026-08-29 22:00,62.57,瑞典乙南,克里斯堤斯塔,阿特维达堡,"HDC,HIL","T-30,T-5","T-30,T-5",0.5,3.0,2919878
2026-08-29 22:15,62.32,卡塔尔联,杜海勒(中),阿拉比SC,"HDC,HIL","T-30,T-5","T-30,T-5",-0.25,2.75,3037789
2026-08-29 22:30,62.07,德丙,霍芬海姆业馀队,雷根斯堡,"HDC,HIL","T-30,T-5","T-30,T-5",0.25,3.25,3026019
2026-08-29 22:30,62.07,葡超,阿罗卡,马里迪莫,"HDC,HIL","T-30,T-5","T-30,T-5",-0.5,2.25,3023460
2026-08-29 22:30,62.07,葡超,艾华卡,圣克拉拉,"HDC,HIL","T-30,T-5","T-30,T-5",-0.25,2.25,3023459
2026-08-29 22:30,62.07,俄超,克拉斯诺达尔,罗斯托夫,"HDC,HIL",T-5,"T-30,T-5",-0.75,2.5,3012278
2026-08-29 22:30,62.07,荷乙,格拉夫夏普,阿尔梅勒城,"HDC,HIL","T-30,T-5","T-30,T-5",0,3.5,2996441
2026-08-29 22:30,62.07,荷甲,SBV精英,鹿特丹斯巴达,"HDC,HIL","T-30,T-5","T-30,T-5",-0.25,3.0,2996126
2026-08-29 22:30,62.07,白俄超,布列斯特迪纳摩,迪尼普罗加切夫,"HDC,HIL",T-5,"T-30,T-5",0.25,2.25,2948582
2026-08-29 23:00,61.57,西女超,伊巴女足,西班牙人女足,"HDC,HIL","T-30,T-5","T-30,T-5",0.25,2.0,3057157
2026-08-29 23:00,61.57,捷乙,普日布拉姆,卡尔维纳,"HDC,HIL","T-30,T-5","T-30,T-5",0.25,2.75,3040103
2026-08-29 23:00,61.57,捷甲,帕尔杜比斯,阿蒂斯布尔诺,"HDC,HIL","T-30,T-5","T-30,T-5",-0.5,2.5,3039868
2026-08-29 23:00,61.57,捷甲,布尔诺,兹林,"HDC,HIL","T-30,T-5","T-30,T-5",-0.75,2.25,3039867
2026-08-29 23:00,61.57,捷甲,波希米亚1905,博雷斯拉夫,"HDC,HIL","T-30,T-5","T-30,T-5",-0.25,2.5,3039866
2026-08-29 23:00,61.57,西协甲,UD欧云斯,邦弗拉甸拿,"HDC,HIL","T-30,T-5","T-30,T-5",0,2.25,3014488
2026-08-29 23:00,61.57,西乙,萨瓦德尔,阿尔梅里亚,"HDC,HIL","T-30,T-5","T-30,T-5",0,2.25,3014052
2026-08-29 23:00,61.57,西甲,莱万特,皇家贝蒂斯,"HDC,HIL","T-30,T-5","T-30,T-5",0.25,2.5,3013666
2026-08-29 23:00,61.57,乌克超,顿涅茨克矿工,普莱西亚,"HDC,HIL","T-30,T-5","T-30,T-5",-0.75,2.25,3012498
2026-08-29 23:00,61.57,匈甲,汉维特,萨拉格斯基,"HDC,HIL","T-30,T-5","T-30,T-5",-0.25,2.75,3011396
2026-08-29 23:00,61.57,奥甲,格拉茨AK,沃尔夫斯伯格,"HDC,HIL","T-30,T-5","T-30,T-5",0,2.5,3010625
2026-08-29 23:00,61.57,哈萨克超,奥达巴斯,克孜勒扎尔,"HDC,HIL","T-30,T-5","T-30,T-5",-1.5,3.0,2953354
2026-08-29 23:00,61.57,哈萨克超,卡萨尔,奥肯咸特普斯,"HDC,HIL","T-30,T-5","T-30,T-5",0,2.5,2953352
2026-08-29 23:00,61.57,瑞典甲,北欧联FC,北雪平,"HDC,HIL","T-30,T-5","T-30,T-5",0.25,2.75,2914675
2026-08-29 23:15,61.32,法甲,斯特拉斯堡,朗斯,"HDC,HIL","T-30,T-5","T-30,T-5",0.5,3.0,2995324
2026-08-29 23:30,61.07,捷乙,哈纳卡,普罗斯捷约夫,"HDC,HIL","T-30,T-5","T-30,T-5",-0.25,2.5,3040104
2026-08-29 23:30,61.07,奥乙,弗洛里茨多夫,瓦克蒂罗尔,"HDC,HIL","T-30,T-5","T-30,T-5",0,2.25,3017892
2026-08-29 23:30,61.07,罗甲,阿格斯,圣格奥尔基塞普西,"HDC,HIL","T-30,T-5","T-30,T-5",-0.25,2.0,3010405
2026-08-29 23:30,61.07,斯亚甲,雷都米结,卢布尔雅那奥林匹亚,"HDC,HIL",T-30,"T-30,T-5",,2.5,3005776
2026-08-29 23:30,61.07,波兰超,克拉科夫,KS莫摩斯,"HDC,HIL","T-30,T-5","T-30,T-5",-0.5,3.0,3003131
2026-08-29 23:30,61.07,瑞典超,哈尔姆斯塔德,卡尔马,"HDC,HIL","T-30,T-5","T-30,T-5",0.25,2.75,2912257
2026-08-30 00:00,60.57,爱女联,斯莱戈流浪女足,沃特福德联队女足,"HDC,HIL","T-30,T-5","T-30,T-5",-1.25,3.0,3070054
2026-08-30 00:00,60.57,爱女联,戈尔韦女足,科克城女足,"HDC,HIL","T-30,T-5","T-30,T-5",-2.5,3.25,3070052
2026-08-30 00:00,60.57,巴林超,阿尔里法,伊迪法克,"HDC,HIL","T-30,T-5","T-30,T-5",-1.75,3.0,3069309
2026-08-30 00:00,60.57,巴林超,艾阿利,麦纳麦,"HDC,HIL","T-30,T-5","T-30,T-5",-0.5,2.25,3069308
2026-08-30 00:00,60.57,葡杯,华森,泰罗芬斯,"HDC,HIL","T-30,T-5","T-30,T-5",0,2.25,3058915
2026-08-30 00:00,60.57,意丙,索伦托卡西奥,克罗托内,"HDC,HIL","T-30,T-5","T-30,T-5",-0.25,2.25,3051280
2026-08-30 00:00,60.57,意丙,萨沃亚,卡塞塔纳,"HDC,HIL","T-30,T-5",T-5,0.25,2.5,3051278
2026-08-30 00:00,60.57,意丙,福贾,萨勒尼塔纳,"HDC,HIL","T-30,T-5","T-30,T-5",0.25,2.25,3051275
2026-08-30 00:00,60.57,意丙,托里斯,萨比尼迪特斯,"HDC,HIL","T-30,T-5","T-30,T-5",-0.25,2.0,3050899
2026-08-30 00:00,60.57,意丙,拉维纳,拉蒂那,"HDC,HIL","T-30,T-5","T-30,T-5",-0.5,2.25,3050897
2026-08-30 00:00,60.57,意丙,AS奥斯提亚马尔,格罗瑟托,"HDC,HIL","T-30,T-5","T-30,T-5",0,2.25,3050894
2026-08-30 00:00,60.57,塞浦甲,AEK拉纳卡,希腊人竞技,"HDC,HIL","T-30,T-5","T-30,T-5",-0.5,2.25,3044374
2026-08-30 00:00,60.57,捷乙,特里内茨,奥斯泰华B队,"HDC,HIL","T-30,T-5","T-30,T-5",0,2.75,3040106
2026-08-30 00:00,60.57,捷乙,塔波斯科,乌斯季,"HDC,HIL","T-30,T-5","T-30,T-5",-0.25,2.75,3040105
2026-08-30 00:00,60.57,土甲,开塞利体育,布尔萨体育,"HDC,HIL","T-30,T-5","T-30,T-5",-0.25,2.25,3030119
2026-08-30 00:00,60.57,土甲,伊斯坦堡士邦,卡拉古拉克,"HDC,HIL","T-30,T-5","T-30,T-5",0.25,2.5,3030118
2026-08-30 00:00,60.57,土超,科尼亚体育,科贾埃利体育,"HDC,HIL","T-30,T-5","T-30,T-5",-0.5,2.0,3026713
2026-08-30 00:00,60.57,斯伐超,特伦辛,鲁森比洛克,"HDC,HIL","T-30,T-5","T-30,T-5",-0.25,3.0,3003423
2026-08-30 00:00,60.57,斯伐超,波德布雷佐瓦,FK柯西斯,"HDC,HIL","T-30,T-5","T-30,T-5",-0.5,3.25,3003420
2026-08-30 00:00,60.57,瑞士超,塞尔维特,卢塞恩,"HDC,HIL","T-30,T-5","T-30,T-5",-0.5,3.0,3000798
2026-08-30 00:00,60.57,瑞士超,洛桑,苏黎世,"HDC,HIL","T-30,T-5","T-30,T-5",-0.5,2.75,3000797
2026-08-30 00:00,60.57,拉脱超,奥达里加,超级星,"HDC,HIL","T-30,T-5","T-30,T-5",-1.0,2.75,2940736
2026-08-30 00:00,60.57,冰岛甲,胡萨维克,IR雷克雅未克,"HDC,HIL","T-30,T-5","T-30,T-5",0,3.25,2931296
2026-08-30 00:05,60.49,沙特联,拉斯永恒,吉达国民,"HDC,HIL","T-30,T-5","T-30,T-5",0.75,2.5,3046961
2026-08-30 00:15,60.32,阿塞超,FK萨法,穆格汗,"HDC,HIL","T-30,T-5","T-30,T-5",-0.25,2.0,3041544
2026-08-30 00:15,60.32,比甲,科特赖克,沙勒罗瓦,"HDC,HIL","T-30,T-5","T-30,T-5",0.25,2.5,3003549
2026-08-30 00:30,60.07,阿联酋超,艾因,迪拜胜利,"HDC,HIL","T-30,T-5","T-30,T-5",-1.0,3.0,3057135
2026-08-30 00:30,60.07,卡塔尔联,艾沙哈尼亚,赛利亚,"HDC,HIL","T-30,T-5","T-30,T-5",-0.5,2.75,3037790
2026-08-30 00:30,60.07,希腊超,维洛斯NFC,伊拉克里斯,"HDC,HIL","T-30,T-5","T-30,T-5",-0.25,2.25,3036418
2026-08-30 00:30,60.07,阿尔巴超,艾巴辛尼,维拉斯尼亚,"HDC,HIL","T-30,T-5","T-30,T-5",-0.25,2.25,3032786
2026-08-30 00:30,60.07,马耳甲,哈姆伦斯巴达,弗洛里亚纳,"HDC,HIL","T-30,T-5","T-30,T-5",-0.5,2.5,3021607
2026-08-30 00:30,60.07,德甲,多特蒙德,汉堡,"HDC,HIL","T-30,T-5","T-30,T-5",-1.5,3.25,3018788
2026-08-30 00:30,60.07,奥乙,奥地利维也纳青年队,布雷根茨,"HDC,HIL","T-30,T-5","T-30,T-5",0,2.75,3017890
2026-08-30 00:30,60.07,西协甲,亚勒那斯,费罗尔竞技,"HDC,HIL","T-30,T-5","T-30,T-5",0,2.25,3014484
2026-08-30 00:30,60.07,英超,托特纳姆热刺,纽卡斯尔联,"HDC,HIL","T-30,T-5","T-30,T-5",-0.25,3.0,3003868
2026-08-30 00:30,60.07,苏甲,罗斯郡,东基尔布莱德,"HDC,HIL","T-30,T-5","T-30,T-5",-1.0,3.0,3002436
2026-08-30 00:30,60.07,克亚甲,依斯特拉,萨格勒布迪纳摩,"HDC,HIL","T-30,T-5","T-30,T-5",1.5,3.25,2997513
2026-08-30 00:30,60.07,意甲,萨索洛,都灵,"HDC,HIL","T-30,T-5","T-30,T-5",-0.25,2.25,2993774
2026-08-30 00:30,60.07,意甲,蒙扎,乌迪内斯,"HDC,HIL","T-30,T-5","T-30,T-5",0,2.25,2993772
2026-08-30 00:30,60.07,意甲,佛罗伦萨,弗洛西诺尼,"HDC,HIL","T-30,T-5","T-30,T-5",-0.75,2.75,2993768
2026-08-30 00:30,60.07,白俄超,利文哥特奴,斯拉维亚莫兹里,"HDC,HIL","T-30,T-5","T-30,T-5",-0.5,2.25,2948584
2026-08-30 00:30,60.07,智利乙,圣菲利浦联,圣塔克鲁兹,"HDC,HIL","T-30,T-5","T-30,T-5",0.25,2.25,2926303
2026-08-30 00:45,59.82,荷甲,阿尔克马尔,前进之鹰,"HDC,HIL","T-30,T-5","T-30,T-5",-1.5,3.5,2996127
2026-08-30 00:55,59.66,乌拉甲秋,波士顿河,塞路,"HDC,HIL","T-30,T-5","T-30,T-5",-0.5,2.0,3069849
2026-08-30 01:00,59.57,乌拉甲秋,尤文提度,马尔多纳多,"HDC,HIL","T-30,T-5","T-30,T-5",0,2.25,3069848
2026-08-30 01:00,59.57,塞浦甲,艾里斯利马斯素尔,阿波罗利马索尔,"HDC,HIL","T-30,T-5","T-30,T-5",0,2.75,3044377
2026-08-30 01:00,59.57,意乙,桑普多利亚,史泰比亚,"HDC,HIL","T-30,T-5","T-30,T-5",-0.5,2.25,3040724
2026-08-30 01:00,59.57,意乙,恩特拉,切塞纳,"HDC,HIL","T-30,T-5","T-30,T-5",-0.5,2.25,3040720
2026-08-30 01:00,59.57,葡超,维塞乌,波尔图,"HDC,HIL","T-30,T-5","T-30,T-5",1.5,2.5,3023458
2026-08-30 01:00,59.57,西乙,莱加内斯,埃登斯,"HDC,HIL","T-30,T-5","T-30,T-5",-0.5,2.25,3014050
2026-08-30 01:00,59.57,西乙,阿尔巴塞特,皇家奥维耶多,"HDC,HIL","T-30,T-5","T-30,T-5",-0.25,2.0,3014044
2026-08-30 01:00,59.57,西甲,皇家社会,西班牙人,"HDC,HIL","T-30,T-5","T-30,T-5",-0.5,2.75,3013670
2026-08-30 01:00,59.57,俄超,莫斯科火车头,莫斯科迪纳摩,"HDC,HIL","T-30,T-5","T-30,T-5",0.5,2.75,3012279
2026-08-30 01:00,59.57,俄超,格罗兹尼特里克,苏维埃之翼,"HDC,HIL","T-30,T-5","T-30,T-5",-0.75,2.5,3012275
2026-08-30 01:00,59.57,以超,布奈萨克宁哈普尔,马卡比迪克瓦,"HDC,HIL","T-30,T-5","T-30,T-5",0,2.25,3001595
2026-08-30 01:00,59.57,以超,基尔史莫纳夏普尔,伊罗尼太巴列,"HDC,HIL","T-30,T-5","T-30,T-5",-0.5,2.5,3001593
2026-08-30 01:00,59.57,以超,拉马甘夏普尔,贝尔谢巴夏普尔,"HDC,HIL","T-30,T-5","T-30,T-5",1.0,2.75,3001592
2026-08-30 01:00,59.57,以超,迪克瓦夏普尔,哈浦尔耶路撒冷,"HDC,HIL","T-30,T-5","T-30,T-5",0,2.25,3001591
2026-08-30 01:00,59.57,塞尔超,泽伦斯尼卡潘切沃,苏杜利察,"HDC,HIL","T-30,T-5","T-30,T-5",-0.5,2.5,2998946
2026-08-30 01:00,59.57,冰岛超,韦斯特曼纳埃亚尔,托尔,"HDC,HIL","T-30,T-5","T-30,T-5",-1.0,3.25,2924638
2026-08-30 01:15,59.32,西协甲,瑞欧马加达宏达,比利亚雷亚尔B队,"HDC,HIL","T-30,T-5","T-30,T-5",0.25,2.25,3014871
2026-08-30 01:15,59.32,西协甲,韦斯卡,圣特安德雷,"HDC,HIL","T-30,T-5","T-30,T-5",-1.0,2.25,3014870
2026-08-30 01:15,59.32,西协甲,艾基史拉斯,卡塔赫纳,"HDC,HIL","T-30,T-5","T-30,T-5",-0.25,2.0,3014865
2026-08-30 01:15,59.32,西协甲,萨莫拉,毕尔巴鄂竞技B队,"HDC,HIL","T-30,T-5","T-30,T-5",-0.5,2.25,3014493
2026-08-30 01:15,59.32,西协甲,梅里达AD,拉科鲁尼亚B队,"HDC,HIL","T-30,T-5","T-30,T-5",-0.5,2.25,3014487
2026-08-30 01:30,59.07,奥甲,LASK林茨,阿尔塔奇,"HDC,HIL","T-30,T-5","T-30,T-5",-1.5,3.0,3010626
2026-08-30 01:45,58.82,阿甲,利斯特雷,萨斯菲尔德,"HDC,HIL","T-30,T-5","T-30,T-5",0,1.75,2962598
2026-08-30 02:00,58.57,沙特联,哈萨征服,吉达联合,"HDC,HIL",T-30,"T-30,T-5",,3.25,3046963
2026-08-30 02:00,58.57,沙特联,达曼协作,迪雷禾,"HDC,HIL","T-30,T-5","T-30,T-5",0.25,3.0,3046962
2026-08-30 02:00,58.57,捷甲,俄斯特拉发,奥洛穆茨,"HDC,HIL","T-30,T-5","T-30,T-5",0,2.75,3039870
2026-08-30 02:00,58.57,墨西甲春,海德尔格,帕蒂特兰德莫雷洛斯,"HDC,HIL","T-30,T-5","T-30,T-5",-0.75,2.75,3024426
2026-08-30 02:00,58.57,秘鲁甲秋,洛斯香卡斯,胡安巴勃罗二世,"HDC,HIL","T-30,T-5","T-30,T-5",-0.5,2.5,3010010
2026-08-30 02:00,58.57,比乙,艾斯登,布鲁日B队,"HDC,HIL","T-30,T-5","T-30,T-5",-0.75,2.5,3005375
2026-08-30 02:00,58.57,法乙,甘冈,南特,"HDC,HIL","T-30,T-5","T-30,T-5",0,2.5,2997702
2026-08-30 02:00,58.57,厄瓜甲,山谷独立,基多天主大学,"HDC,HIL","T-30,T-5","T-30,T-5",-0.5,2.75,2937900
2026-08-30 02:00,58.57,阿乙,科勒加勒斯,迈普,"HDC,HIL","T-30,T-5","T-30,T-5",-0.25,2.0,2916634
2026-08-30 02:15,58.32,斯亚甲,布拉沃佩利根,慕拉,"HDC,HIL","T-30,T-5","T-30,T-5",-0.25,2.5,3005772
2026-08-30 02:15,58.32,波兰超,卢宾扎格勒比,什切青,"HDC,HIL","T-30,T-5",T-5,0.25,2.5,3003133
2026-08-30 02:15,58.32,保甲,普罗夫迪夫博特夫,索非亚列夫斯基,"HDC,HIL","T-30,T-5","T-30,T-5",0.75,2.5,2998465
2026-08-30 02:30,58.07,希腊超,帕纳多里高斯,卡拉玛达,"HDC,HIL","T-30,T-5","T-30,T-5",-0.25,2.25,3036417
2026-08-30 02:30,58.07,土甲,马兰迪BB,贝拉迪亚士邦,"HDC,HIL",T-5,"T-30,T-5",-1.0,2.5,3030122
2026-08-30 02:30,58.07,土甲,贝特曼,锡瓦斯体育,"HDC,HIL",T-30,"T-30,T-5",,2.5,3030116
2026-08-30 02:30,58.07,土超,加济安泰普大都会,里泽体育,"HDC,HIL","T-30,T-5","T-30,T-5",0.25,2.5,3026711
2026-08-30 02:30,58.07,土超,加拉塔萨雷,哥兹塔比,"HDC,HIL","T-30,T-5","T-30,T-5",-1.75,3.5,3026710
2026-08-30 02:30,58.07,德乙,纽伦堡,比勒菲尔德,"HDC,HIL","T-30,T-5","T-30,T-5",-0.25,3.0,3019117
2026-08-30 02:30,58.07,罗甲,胡内多阿拉,布加勒斯特迪纳摩,"HDC,HIL","T-30,T-5","T-30,T-5",0.25,2.25,3010402
2026-08-30 02:30,58.07,斯伐超,拜斯迪卡,科马尔诺,"HDC,HIL","T-30,T-5","T-30,T-5",0,2.75,3003419
2026-08-30 02:30,58.07,瑞士超,年轻人,巴塞尔,"HDC,HIL","T-30,T-5","T-30,T-5",-1.25,3.75,3000799
2026-08-30 02:45,57.82,比甲,旧海弗莱鲁汶,标准列日,"HDC,HIL","T-30,T-5","T-30,T-5",0,2.5,3003550
2026-08-30 02:45,57.82,法甲,里昂,勒阿弗尔,"HDC,HIL","T-30,T-5","T-30,T-5",-1.25,2.75,2995320
2026-08-30 02:45,57.82,法甲,布雷斯特,图卢兹,"HDC,HIL","T-30,T-5","T-30,T-5",-0.25,2.5,2995318
2026-08-30 02:45,57.82,法甲,欧塞尔,昂热,"HDC,HIL","T-30,T-5","T-30,T-5",-0.25,2.25,2995317
2026-08-30 02:45,57.82,意甲,尤文图斯,帕尔马,"HDC,HIL","T-30,T-5","T-30,T-5",-1.75,2.75,2993769
2026-08-30 03:00,57.57,葡杯,费雷拉,化夫,"HDC,HIL","T-30,T-5","T-30,T-5",-0.5,2.5,3058907
2026-08-30 03:00,57.57,西女超,马德里CFF女足,格拉那达女足,"HDC,HIL","T-30,T-5","T-30,T-5",0,2.5,3057158
2026-08-30 03:00,57.57,意丙,摩诺波利,卡塔尼亚,"HDC,HIL","T-30,T-5","T-30,T-5",0.25,2.0,3051277
2026-08-30 03:00,57.57,意丙,国际米兰U23,阿尔塔穆拉,"HDC,HIL","T-30,T-5","T-30,T-5",-0.5,2.25,3051276
2026-08-30 03:00,57.57,意丙,科森扎,波坦察,"HDC,HIL","T-30,T-5","T-30,T-5",0,2.5,3051274
2026-08-30 03:00,57.57,意丙,斯佩齐亚,坎伯巴索,"HDC,HIL","T-30,T-5","T-30,T-5",-0.5,2.25,3050898
2026-08-30 03:00,57.57,意丙,皮内托,利沃诺,"HDC,HIL","T-30,T-5","T-30,T-5",0,2.0,3050896
2026-08-30 03:00,57.57,意丙,福尔利,佩斯卡拉,"HDC,HIL","T-30,T-5","T-30,T-5",0.5,2.5,3050892
2026-08-30 03:00,57.57,意乙,帕多瓦,维罗纳,"HDC,HIL","T-30,T-5","T-30,T-5",0,2.5,3040722
2026-08-30 03:00,57.57,意乙,阿维利诺,维琴察,"HDC,HIL",T-30,"T-30,T-5",,2.25,3040717
2026-08-30 03:00,57.57,意乙,阿斯科利,凯勒雷斯,"HDC,HIL","T-30,T-5","T-30,T-5",-0.5,2.5,3040716
2026-08-30 03:00,57.57,马耳甲,巴尔灿,格兹拉联,"HDC,HIL","T-30,T-5","T-30,T-5",-0.25,2.25,3021605
2026-08-30 03:00,57.57,哥伦乙秋,索阿查,帕特里奥坦斯,"HDC,HIL","T-30,T-5","T-30,T-5",0,2.25,3012175
2026-08-30 03:00,57.57,塞尔超,瑞德尼基,拉尼奇1923,"HDC,HIL","T-30,T-5",T-5,0,2.25,2998945
2026-08-30 03:00,57.57,塞尔超,诺维帕扎尔,马瑟瓦沙巴,"HDC,HIL","T-30,T-5","T-30,T-5",-0.75,2.5,2998943
2026-08-30 03:00,57.57,塞尔超,古拉瑞奇,伏伊伏丁那,"HDC,HIL","T-30,T-5","T-30,T-5",0.75,2.75,2998941
2026-08-30 03:00,57.57,克亚甲,瓦拉日丁,鲁达士,"HDC,HIL","T-30,T-5","T-30,T-5",-1.75,3.0,2997516
2026-08-30 03:00,57.57,荷甲,兹沃勒,奈梅亨,"HDC,HIL","T-30,T-5","T-30,T-5",0.5,3.5,2996128
2026-08-30 03:00,57.57,智利乙,圣地亚哥漫游者,马加拉内斯,"HDC,HIL","T-30,T-5","T-30,T-5",-0.25,2.75,2926304
2026-08-30 03:00,57.57,阿乙,博利瓦尔,贝尔格拉诺防卫队,"HDC,HIL","T-30,T-5","T-30,T-5",0,1.75,2916633
2026-08-30 03:00,57.57,阿乙,拉费尔拿,特里斯顿,"HDC,HIL","T-30,T-5","T-30,T-5",0,1.5,2916630
2026-08-30 03:30,57.07,西甲,塞维利亚,马德里竞技,"HDC,HIL","T-30,T-5","T-30,T-5",0.5,2.25,3013671
2026-08-30 03:30,57.07,阿乙,米德兰,新芝加哥,"HDC,HIL","T-30,T-5","T-30,T-5",-0.75,2.0,2916640
2026-08-30 03:55,56.66,乌拉甲秋,防卫者体育,图尔克,"HDC,HIL","T-30,T-5","T-30,T-5",0.25,2.25,3069850
2026-08-30 04:00,56.57,秘鲁甲秋,体育生队,水晶竞技队,"HDC,HIL","T-30,T-5","T-30,T-5",0,2.5,3010013
2026-08-30 04:00,56.57,阿甲,罗萨里奥中央,拉普拉塔体操,"HDC,HIL","T-30,T-5","T-30,T-5",-1.0,2.25,2962604
2026-08-30 04:00,56.57,巴丙,帕桑度,马林加,"HDC,HIL","T-30,T-5","T-30,T-5",-0.25,2.25,2949409
2026-08-30 04:00,56.57,巴丙,伊塔拜亚纳,博塔福格PB,"HDC,HIL","T-30,T-5","T-30,T-5",-0.5,2.25,2949408
2026-08-30 04:00,56.57,巴丙,巴西瓜拉尼,普拉斯哥野,"HDC,HIL",T-5,"T-30,T-5",-1.5,2.5,2949407
2026-08-30 04:00,56.57,巴丙,弗罗勒斯塔,伊图诺,"HDC,HIL","T-30,T-5","T-30,T-5",-0.5,1.75,2949406
2026-08-30 04:00,56.57,巴丙,费古埃伦斯,马拉尼昂,"HDC,HIL",T-30,"T-30,T-5",,2.25,2949405
2026-08-30 04:00,56.57,巴丙,费罗维里亚,康菲加,"HDC,HIL","T-30,T-5","T-30,T-5",-1.25,2.25,2949404
2026-08-30 04:00,56.57,巴丙,巴拉FC,沃尔特雷东达,"HDC,HIL","T-30,T-5","T-30,T-5",-0.75,2.0,2949403
2026-08-30 04:00,56.57,巴丙,安纳波利斯,圣十字,"HDC,HIL",T-30,"T-30,T-5",,2.0,2949402
2026-08-30 04:00,56.57,巴丙,亚马逊FC,派瑞加RS,HIL,,"T-30,T-5",,2.0,2949401
2026-08-30 04:30,56.07,秘鲁甲秋,卡哈马卡,秘鲁体育大学,"HDC,HIL","T-30,T-5","T-30,T-5",0.25,2.25,3010012
2026-08-30 04:30,56.07,美职业,西雅图海湾人,芝加哥火焰,"HDC,HIL",T-30,"T-30,T-5",,3.0,2908728
2026-08-30 05:30,55.07,巴西乙,保地花高SP,库亚巴,"HDC,HIL","T-30,T-5","T-30,T-5",-0.25,1.75,2940147
2026-08-30 06:00,54.57,阿甲,飓风队,里奥夸尔托学生队,"HDC,HIL","T-30,T-5",T-5,-0.75,1.5,2962600
2026-08-30 07:00,53.57,墨西联秋,帕丘卡,瓜达拉哈拉,"HDC,HIL","T-30,T-5","T-30,T-5",0.25,2.75,2997388
2026-08-30 07:00,53.57,墨西联秋,阿特拉斯,克雷塔罗,"HDC,HIL","T-30,T-5","T-30,T-5",-0.25,2.5,2997387
2026-08-30 07:00,53.57,巴西甲,圣保罗,布拉干蒂诺RB,"HDC,HIL",T-5,"T-30,T-5",-0.25,2.25,2910875
2026-08-30 08:20,52.24,巴西甲,瓦斯科达伽马,克鲁塞罗,HIL,,"T-30,T-5",,2.25,2910876
2026-08-30 08:30,52.07,美职业,明尼苏达联,奥兰多城,HIL,,"T-30,T-5",,3.25,2908736
2026-08-30 09:00,51.57,墨西联秋,墨西哥美洲,普埃布拉,"HDC,HIL","T-30,T-5","T-30,T-5",-0.75,2.75,2997389
2026-08-30 09:30,51.07,美冠联,新墨西哥联,圣安东尼奥,"HDC,HIL",T-30,"T-30,T-5",,2.75,2942589
2026-08-30 09:30,51.07,美职业,科罗拉多急流,皇家盐湖城,"HDC,HIL",T-30,"T-30,T-5",,2.75,2908739
2026-08-30 10:00,50.57,美冠联,蒙特雷湾,萨克拉门托,"HDC,HIL","T-30,T-5","T-30,T-5",0.5,2.5,2942588
2026-08-30 10:30,50.07,美职业,圣地亚哥,洛杉矶银河,"HDC,HIL","T-30,T-5","T-30,T-5",-0.75,3.25,2908741
2026-08-30 10:30,50.07,美职业,波特兰伐木者,奥斯汀FC,"HDC,HIL",T-5,"T-30,T-5",-0.75,3.0,2908740
2026-08-30 13:00,47.57,澳维女超,布伦达拉鹰女足,凯勒公园女足,"HDC,HIL",T-30,T-30,,,2981868
2026-08-30 13:00,47.57,澳维女超,普雷斯顿狮队女足,墨尔本胜利青年女足,"HDC,HIL",T-30,T-30,,,2981866
2026-08-30 13:00,47.57,澳维女超,南墨尔本女足,埃森登皇家女足,"HDC,HIL",T-30,T-30,,,2981865
2026-08-30 13:00,47.57,澳维女超,春山俱乐部女足,艾云达尔女足,"HDC,HIL",T-30,T-30,,,2981864
2026-08-30 13:00,47.57,澳威女超,伊拉瓦拉女足,马卡瑟尔女足,"HDC,HIL",T-30,T-30,,,2960860
2026-08-30 13:00,47.57,澳威超,萨瑟兰鲨鱼,SD公鹿FC,"HDC,HIL",T-30,T-30,,,2930902
2026-08-30 13:00,47.57,澳威超,悉尼联盟,FC圣乔治,"HDC,HIL",T-30,T-30,,,2930901
2026-08-30 13:00,47.57,澳威超,莱卡特老虎,圣乔治城,"HDC,HIL",T-30,T-30,,,2930900
2026-08-30 13:00,47.57,澳威超,卧龙岗狼队,曼立联队,HIL,,T-30,,,2930899
2026-08-30 13:00,47.57,澳威超,洛克达尔,新南威尔士大学,HIL,,T-30,,,2930898
2026-08-30 13:00,47.57,澳威超,马可尼,北部精神,"HDC,HIL",T-30,T-30,,,2930897
2026-08-30 13:00,47.57,澳威超,黑镇市足球俱乐部,西悉尼流浪者青年队,HIL,,T-30,,,2930896
2026-08-30 13:00,47.57,澳威超,悉尼奥林匹克,悉尼FC青年队,"HDC,HIL",T-30,T-30,,,2930895
2026-08-30 13:00,47.57,澳维甲,墨尔本胜利青年队,墨尔本港,"HDC,HIL",T-30,T-30,,,2915751
2026-08-30 13:00,47.57,澳维甲,兰沃里林弗洛,北部吉隆勇士,HIL,,T-30,,,2915750
2026-08-30 13:00,47.57,澳维甲,埃尔特姆,墨尔本骑士,"HDC,HIL",T-30,T-30,,,2915749
2026-08-30 13:00,47.57,澳维甲,布琳狮子,诺夫克特,"HDC,HIL",T-30,T-30,,,2915748
2026-08-30 13:00,47.57,澳维甲,布伦瑞克祖云达斯,蓝曼宁厄姆联,"HDC,HIL",T-30,T-30,,,2915747
2026-08-30 13:00,47.57,澳维甲,布伦瑞克城,墨尔本塞尔维,"HDC,HIL",T-30,T-30,,,2915746
2026-08-30 13:30,47.07,日地区联,兵库县巴萨拉FC,京都AC,"HDC,HIL","T-30,T-5","T-30,T-5",-1.5,3.0,3074368
2026-08-30 14:00,46.57,日地区联,铃鹿竞技,双足龙,"HDC,HIL",T-5,"T-30,T-5",-0.25,2.5,3075429
2026-08-30 14:00,46.57,澳北女超,麦觉理湖女足,布罗德美度兰女足,"HDC,HIL","T-30,T-5","T-30,T-5",-0.5,3.5,3074111
2026-08-30 14:00,46.57,澳威北超附,梅特兰,埃奇沃斯伊格斯,"HDC,HIL",T-30,T-5,,3.0,3072958
2026-08-30 14:00,46.57,澳首女联,贝尔康纳联女足,坎培拉FC女足,"HDC,HIL","T-30,T-5","T-30,T-5",-1.0,2.75,3072957
2026-08-30 15:00,45.57,澳威女超,西悉尼流浪者女足B队,悉尼奥林匹克女足,"HDC,HIL","T-30,T-5","T-30,T-5",0,3.25,2960862
2026-08-30 15:00,45.57,澳威女超,悉尼大学女足,曼立联女足,"HDC,HIL",T-5,"T-30,T-5",0,3.0,2960861
2026-08-30 15:00,45.57,澳昆超,昆士兰狮队,潘尼苏拉,"HDC,HIL",T-5,"T-30,T-5",-0.5,3.0,3069890
2026-08-30 15:00,45.57,日职女乙,迪奥莎出云女足,FC高槻女足,"HDC,HIL",T-30,"T-30,T-5",,2.0,2990262
2026-08-30 16:00,44.57,日地区联,流通经济大学,阿丽斯东京,"HDC,HIL","T-30,T-5","T-30,T-5",1.0,3.0,3074372
2026-08-30 16:00,44.57,球会友谊,玛查莫洛,阿达维联,"HDC,HIL",T-30,"T-30,T-5",,2.25,3073235
2026-08-30 16:00,44.57,香港超,和富大埔,东方体育会,"HDC,HIL",T-5,"T-30,T-5",-0.25,3.25,3049312
2026-08-30 16:00,44.57,罗乙,蒂米什瓦拉,塔古穆里斯,"HDC,HIL","T-30,T-5","T-30,T-5",-1.0,2.5,3046399
2026-08-30 16:00,44.57,日职女乙,山梨藤樱女足,迪亚沃罗索广岛女足,"HDC,HIL","T-30,T-5","T-30,T-5",-0.25,2.0,2990266
2026-08-30 16:00,44.57,日职女乙,大和西芙德女足,南松女足,"HDC,HIL","T-30,T-5","T-30,T-5",0.25,2.5,2990265
2026-08-30 16:00,44.57,日职女乙,威蒂恩三重女足,吉备国际大学女足,"HDC,HIL",T-30,"T-30,T-5",,2.0,2990263
2026-08-30 16:00,44.57,韩K3联,始兴市民,抱川FC,"HDC,HIL","T-30,T-5","T-30,T-5",0,2.25,2940422
2026-08-30 16:15,44.32,捷丙,乌尼邱夫,荷路比纳,"HDC,HIL","T-30,T-5","T-30,T-5",-0.75,3.0,3043187
2026-08-30 16:15,44.32,捷丙,斯洛瓦科B队,辛宁B队,"HDC,HIL",T-5,"T-30,T-5",-0.5,3.0,3043186
2026-08-30 16:15,44.32,捷丙,哈维瓦,布尔诺B队,"HDC,HIL","T-30,T-5","T-30,T-5",0.5,3.25,3043185
2026-08-30 16:15,44.32,捷乙,布拉格斯拉维亚B队,奥帕瓦,"HDC,HIL","T-30,T-5","T-30,T-5",-0.25,3.0,3040107
2026-08-30 16:15,44.32,捷丙,帕尔杜比斯B队,泽尼特卡斯拉夫,"HDC,HIL",T-5,"T-30,T-5",-1.25,3.0,3009475
2026-08-30 16:15,44.32,捷丙,布拉格斯巴达B队,普里布拉姆B队,"HDC,HIL","T-30,T-5","T-30,T-5",-1.75,3.25,3009356
2026-08-30 16:15,44.32,捷丙,杜卡拉B队,布拉格斯拉维亚C队,"HDC,HIL","T-30,T-5","T-30,T-5",0.25,3.25,3009354
2026-08-30 16:15,44.32,捷丙,布咸美恩斯1905B队,艾德米拉布拉格,"HDC,HIL","T-30,T-5","T-30,T-5",-0.5,3.0,3009352
2026-08-30 16:30,44.07,澳达超,达尔文港足球俱乐部,明迪Aces,"HDC,HIL","T-30,T-5","T-30,T-5",1.75,4.5,3074077
2026-08-30 16:30,44.07,斯伐丙,查布拉迪斯拉华,贾巴斯柯沃,"HDC,HIL",T-5,"T-30,T-5",0,2.75,3071763
2026-08-30 16:30,44.07,澳昆甲,阳光海岸流浪者,叶士域治城,"HDC,HIL",T-5,"T-30,T-5",-0.5,3.0,3071387
2026-08-30 16:30,44.07,斯伐甲,斯洛云B队,波瓦兹斯卡,"HDC,HIL","T-30,T-5","T-30,T-5",-0.25,3.0,3037896
2026-08-30 16:30,44.07,斯伐甲,阿特梅迪亚,塔特拉,"HDC,HIL","T-30,T-5","T-30,T-5",-0.5,3.0,3037895
2026-08-30 16:30,44.07,斯伐甲,马尔泽尼斯,MFK巴耶卡,"HDC,HIL","T-30,T-5","T-30,T-5",-1.25,3.0,3037894
2026-08-30 16:30,44.07,奥乙,格拉茨青年队,维也纳迅速青年队,"HDC,HIL",T-5,"T-30,T-5",0,3.25,3017896
2026-08-30 16:30,44.07,捷丙,皮耳森B队,布德约维茨迪纳摩,"HDC,HIL","T-30,T-5","T-30,T-5",-0.25,2.75,3009357
2026-08-30 17:00,43.57,奥丁,施特拉施华尔臣,奥伊根多夫,"HDC,HIL","T-30,T-5","T-30,T-5",-0.75,3.25,3076922
2026-08-30 17:00,43.57,日地区联,未来飞鸟,京都拉兰嘉,"HDC,HIL","T-30,T-5","T-30,T-5",-2.25,3.25,3074370
2026-08-30 17:00,43.57,日地区联,江户全联,东邦提坦纽,"HDC,HIL","T-30,T-5","T-30,T-5",0.25,2.75,3074369
2026-08-30 17:00,43.57,斯伐丙,斯拉维亚克思雀,特斯拉斯特罗普科夫,"HDC,HIL","T-30,T-5","T-30,T-5",-0.25,2.75,3071766
2026-08-30 17:00,43.57,日足联,横滨体育,平田町,"HDC,HIL","T-30,T-5","T-30,T-5",0.75,2.75,3071071
2026-08-30 17:00,43.57,日女联,浦和红钻女足,野岛斯特拉女足,"HDC,HIL",T-30,"T-30,T-5",,2.75,3067119
2026-08-30 17:00,43.57,日女联,伊分埼玉女足,伊纳卡女足,"HDC,HIL",T-5,"T-30,T-5",1.25,2.75,3067118
2026-08-30 17:00,43.57,日女联,千叶市原女足,大阪樱花女足,"HDC,HIL",T-30,"T-30,T-5",,2.0,3067117
2026-08-30 17:00,43.57,日女联,新泻天鹅女足,仙台维加泰女足,"HDC,HIL","T-30,T-5","T-30,T-5",-0.25,2.0,3067116
2026-08-30 17:00,43.57,俄甲,叶尼塞,辛历克,"HDC,HIL","T-30,T-5",T-30,-0.25,,3021969
2026-08-30 17:00,43.57,日职丙,长野琶扼搂,群马草津温泉,"HDC,HIL","T-30,T-5",T-5,-0.25,2.5,3001157
2026-08-30 17:00,43.57,日职丙,北九州向日葵,松本山雅,"HDC,HIL",T-5,"T-30,T-5",0.25,2.25,3001153
2026-08-30 17:30,43.07,日足联,新宿创造,横川武藏野,"HDC,HIL","T-30,T-5","T-30,T-5",0.25,2.0,3071072
2026-08-30 17:30,43.07,日职丙,瑞拉滋贺,鸟取飞翔,"HDC,HIL","T-30,T-5",T-30,-0.25,,3001158
2026-08-30 18:00,42.57,爱尔高联,芬格拉斯联,马拉海德联,"HDC,HIL","T-30,T-5","T-30,T-5",0.5,3.0,3076923
2026-08-30 18:00,42.57,克亚U19,扎达拉洛维U19,萨格勒布迪纳摩U19,"HDC,HIL","T-30,T-5","T-30,T-5",1.25,3.0,3076890
2026-08-30 18:00,42.57,克亚U19,HNK戈里察U19,瓦拉日丁U19,"HDC,HIL",T-30,"T-30,T-5",,2.75,3076888
2026-08-30 18:00,42.57,爱尔高联,卢坎联,圣莫查塔斯,"HDC,HIL",T-30,"T-30,T-5",,3.25,3076883
2026-08-30 18:00,42.57,克亚U19,夏积杜克U19,塞瓦特U19,"HDC,HIL","T-30,T-5","T-30,T-5",-1.5,3.0,3074461
2026-08-30 18:00,42.57,葡杯,马希高,卡马查,"HDC,HIL","T-30,T-5","T-30,T-5",0,2.0,3058896
2026-08-30 18:00,42.57,西女超,毕尔巴鄂竞技女足,巴达洛纳女足,HIL,,"T-30,T-5",,2.25,3057154
2026-08-30 18:00,42.57,波青联,路宾青年队,萨比利斯青年队,"HDC,HIL",T-5,"T-30,T-5",0.25,3.0,3039463
2026-08-30 18:00,42.57,葡甲,阿马兰迪,本菲卡B队,"HDC,HIL",T-5,"T-30,T-5",0,2.25,3023766
2026-08-30 18:00,42.57,波女超,斯拉斯克女足,德比尔斯科女足,"HDC,HIL",T-5,"T-30,T-5",-0.25,2.75,3023374
2026-08-30 18:00,42.57,乌克超,查诺莫斯,克里夫巴斯,"HDC,HIL","T-30,T-5","T-30,T-5",0.25,2.5,3012492
2026-08-30 18:00,42.57,日职丙,山口雷法,大阪俱乐部,"HDC,HIL","T-30,T-5","T-30,T-5",-0.25,2.5,3001159
2026-08-30 18:00,42.57,日职丙,高知联合,熊本深红,"HDC,HIL","T-30,T-5","T-30,T-5",0,2.25,3001156
2026-08-30 18:00,42.57,日职丙,金泽,FC爱媛,"HDC,HIL","T-30,T-5","T-30,T-5",0,2.5,3001155
2026-08-30 18:00,42.57,韩K3联,蔚山市民,釜山运输,"HDC,HIL","T-30,T-5","T-30,T-5",0.25,2.25,2940424
2026-08-30 18:00,42.57,韩K3联,木浦市,骊州世宗,"HDC,HIL","T-30,T-5","T-30,T-5",0.25,2.25,2940423
2026-08-30 18:15,42.32,荷乙,FC埃因霍温,赫拉克勒斯,"HDC,HIL","T-30,T-5","T-30,T-5",1.0,3.25,2996442
2026-08-30 18:15,42.32,荷甲,乌德勒支,埃因霍温,"HDC,HIL","T-30,T-5","T-30,T-5",1.25,3.75,2996129
2026-08-30 18:30,42.07,香港超,标准流浪,东区,"HDC,HIL","T-30,T-5","T-30,T-5",0.25,2.75,3049313
2026-08-30 18:30,42.07,波兰甲,马特斯,瓦塔波兹南,"HDC,HIL","T-30,T-5",T-5,-0.5,3.0,3005117
2026-08-30 18:30,42.07,韩K联,江原FC,浦项制铁,"HDC,HIL","T-30,T-5","T-30,T-5",-0.25,2.0,2929710
2026-08-30 18:30,42.07,韩K联,济州SK,大田市民,"HDC,HIL","T-30,T-5","T-30,T-5",0.5,2.5,2929709
2026-08-30 18:30,42.07,韩K联,仁川联队,全北现代,"HDC,HIL","T-30,T-5","T-30,T-5",0,2.25,2929708
2026-08-30 18:30,42.07,韩K联,光州FC,FC首尔,"HDC,HIL","T-30,T-5","T-30,T-5",1.25,3.0,2929707
2026-08-30 18:30,42.07,韩K2联,水原FC,釜山偶像,"HDC,HIL","T-30,T-5","T-30,T-5",-0.25,3.0,2925525
2026-08-30 18:30,42.07,韩K2联,金海,龙仁FC,"HDC,HIL","T-30,T-5","T-30,T-5",0.25,2.25,2925524
2026-08-30 19:00,41.57,瑞典乙北,FBK卡尔斯塔德,派提亚,"HDC,HIL","T-30,T-5","T-30,T-5",-0.75,3.0,2920118
2026-08-30 19:00,41.57,瑞典乙北,安高平,斯德哥尔摩国际,"HDC,HIL","T-30,T-5","T-30,T-5",1.25,2.75,2920117
2026-08-30 19:00,41.57,巴拉后备,瓜拉尼后备队,艾美利亚诺体育后备队,"HDC,HIL","T-30,T-5","T-30,T-5",-0.25,2.75,3076913
2026-08-30 19:00,41.57,越超杯,河内公安,胡志明市,"HDC,HIL","T-30,T-5","T-30,T-5",-1.5,3.25,3074062
2026-08-30 19:00,41.57,苏超,阿伯丁,格拉斯哥流浪者,"HDC,HIL","T-30,T-5","T-30,T-5",0.75,2.75,3002052
2026-08-30 19:00,41.57,丹麦甲,哈维德夫,弗雷德里西亚,"HDC,HIL","T-30,T-5","T-30,T-5",0.5,2.75,2998102
2026-08-30 19:00,41.57,丹麦甲,希勒罗德,霍布罗,"HDC,HIL",T-5,"T-30,T-5",0,2.75,2998101
2026-08-30 19:00,41.57,中甲,宁波职业足球俱乐部,梅州客家,"HDC,HIL","T-30,T-5","T-30,T-5",-0.75,2.75,2951635
2026-08-30 19:00,41.57,中甲,大连鲲城,南通支云,"HDC,HIL","T-30,T-5","T-30,T-5",0,2.25,2951634
2026-08-30 19:30,41.07,德乙,圣保利,凯泽斯劳滕,"HDC,HIL","T-30,T-5","T-30,T-5",-0.5,2.75,3019118
2026-08-30 19:30,41.07,德乙,马格德堡,荷尔斯泰因,"HDC,HIL","T-30,T-5","T-30,T-5",-0.25,3.25,3019116
2026-08-30 19:30,41.07,德乙,达姆施塔特,汉诺威96,"HDC,HIL","T-30,T-5","T-30,T-5",0.25,3.25,3019113
2026-08-30 19:30,41.07,比甲,根特,布鲁日,"HDC,HIL","T-30,T-5","T-30,T-5",0.75,2.75,3003552
2026-08-30 20:00,40.57,德地区北,圣保利业余队,凤凰吕贝克,"HDC,HIL","T-30,T-5","T-30,T-5",1.0,3.0,3043349
2026-08-30 20:00,40.57,德地区北,汉堡青年队,诺德施泰特,"HDC,HIL","T-30,T-5","T-30,T-5",-0.75,3.5,3043348
2026-08-30 20:00,40.57,德女联,法兰克福女足,纽伦堡女足,"HDC,HIL","T-30,T-5","T-30,T-5",-2.25,4.0,3034767
2026-08-30 20:00,40.57,德地区东北,路肯瓦德,柏林迪纳摩,"HDC,HIL","T-30,T-5","T-30,T-5",0,2.75,3026441
2026-08-30 20:00,40.57,丹麦乙,斯基夫,纳斯特维德,"HDC,HIL","T-30,T-5","T-30,T-5",0.25,2.5,3020875
2026-08-30 20:00,40.57,俄超,罗迪纳莫斯科,加里宁格勒巴蒂卡,"HDC,HIL","T-30,T-5","T-30,T-5",0.25,2.0,3012280
2026-08-30 20:00,40.57,瑞士超,锡永,卢加诺,"HDC,HIL","T-30,T-5","T-30,T-5",-0.25,3.0,3000800
2026-08-30 20:00,40.57,丹麦超,锡尔克堡,中日德兰,"HDC,HIL","T-30,T-5","T-30,T-5",1.5,3.25,2998232
2026-08-30 20:00,40.57,丹麦超,利恩比,欧登塞,"HDC,HIL","T-30,T-5","T-30,T-5",-0.25,3.0,2998231
2026-08-30 20:00,40.57,丹麦甲,奥胡斯费马,瓦埃勒,"HDC,HIL","T-30,T-5","T-30,T-5",0.5,3.0,2998098
2026-08-30 20:00,40.57,哈萨克超,卡斯比阿克套,杜堡尔,"HDC,HIL","T-30,T-5","T-30,T-5",0.25,2.75,2953353
2026-08-30 20:00,40.57,哈萨克超,伊特什,阿克托比,"HDC,HIL","T-30,T-5","T-30,T-5",0,2.75,2953351
2026-08-30 20:00,40.57,爱沙乙,诺梅联合U21,爱尔华,"HDC,HIL","T-30,T-5","T-30,T-5",0,3.75,2941093
2026-08-30 20:00,40.57,挪乙,侯尼霍斯,弗洛,"HDC,HIL","T-30,T-5","T-30,T-5",-2.0,4.25,2913505
2026-08-30 20:00,40.57,英U21,利物浦U21,利兹联U21,"HDC,HIL",T-30,"T-30,T-5",,3.75,3065770
2026-08-30 20:00,40.57,瑞典超,索尔纳,哈马比,"HDC,HIL","T-30,T-5","T-30,T-5",1.5,3.25,2912251
2026-08-30 20:00,40.57,瑞典女超,布洛马波卡纳女足,皮特奥女足,"HDC,HIL","T-30,T-5","T-30,T-5",0,2.75,2911352
2026-08-30 20:15,40.32,马来超,马六甲FC,森美兰州,"HDC,HIL","T-30,T-5",T-5,0.5,2.5,3045645
2026-08-30 20:30,40.07,波兰乙,斯威特什切青,台基,"HDC,HIL","T-30,T-5","T-30,T-5",0.75,2.75,3035889
2026-08-30 20:30,40.07,乌克超,LNZ切尔卡斯,维勒斯,"HDC,HIL",T-30,"T-30,T-5",,2.5,3012497
2026-08-30 20:30,40.07,波兰甲,阿尔卡,比托姆,"HDC,HIL","T-30,T-5","T-30,T-5",-0.5,2.75,3004963
2026-08-30 20:30,40.07,荷甲,威廉二世,海伦芬,"HDC,HIL","T-30,T-5","T-30,T-5",0.75,3.25,2996131
2026-08-30 20:30,40.07,荷甲,费耶诺德,海牙,"HDC,HIL","T-30,T-5","T-30,T-5",-2.0,3.75,2996130
2026-08-30 20:30,40.07,挪超,博德闪耀,罗森博格,"HDC,HIL","T-30,T-5","T-30,T-5",-1.5,3.75,2912874
2026-08-30 20:45,39.82,波兰超,琴斯托霍瓦,比亚韦斯托克雅盖隆,"HDC,HIL","T-30,T-5","T-30,T-5",-0.5,2.75,3003129
2026-08-30 21:00,39.57,捷甲,利贝雷茨,赫拉德茨克拉洛韦,"HDC,HIL","T-30,T-5","T-30,T-5",-0.5,2.5,3039869
2026-08-30 21:00,39.57,葡甲,AVS俱乐部,费伦斯,"HDC,HIL","T-30,T-5","T-30,T-5",-0.25,2.25,3023765
2026-08-30 21:00,39.57,罗甲,法鲁尔,博托沙尼,"HDC,HIL","T-30,T-5","T-30,T-5",-0.25,2.75,3010404
2026-08-30 21:00,39.57,英甲,AFC温布尔登,维冈竞技,"HDC,HIL",T-5,"T-30,T-5",0.25,2.5,3007055
2026-08-30 21:00,39.57,英超,桑德兰,富勒姆,"HDC,HIL","T-30,T-5","T-30,T-5",-0.25,2.5,3003867
2026-08-30 21:00,39.57,英超,利兹联,布伦特福德,"HDC,HIL","T-30,T-5","T-30,T-5",0,2.75,3003864
2026-08-30 21:00,39.57,英超,切尔西,布莱顿,"HDC,HIL","T-30,T-5","T-30,T-5",-0.5,3.0,3003861
2026-08-30 21:00,39.57,丹麦甲,埃斯比约,文德斯尔,"HDC,HIL","T-30,T-5","T-30,T-5",-0.25,2.75,2998103
2026-08-30 21:00,39.57,法甲,巴黎FC,尼斯,"HDC,HIL","T-30,T-5","T-30,T-5",-0.5,2.5,2995322
2026-08-30 21:00,39.57,白俄超,特兰斯迈,伊斯洛奇明斯克,"HDC,HIL","T-30,T-5",T-30,0.5,,2948581
2026-08-30 21:00,39.57,瑞典甲,瓦尔贝里,奥迪沃特,"HDC,HIL","T-30,T-5","T-30,T-5",-0.25,2.5,2914678
2026-08-30 21:00,39.57,瑞典女超,诺科平女足,佐加顿斯女足,"HDC,HIL","T-30,T-5","T-30,T-5",0,2.75,2911353
2026-08-30 21:30,39.07,德甲,弗赖堡,云达不莱梅,"HDC,HIL","T-30,T-5","T-30,T-5",-0.75,2.75,3018791
2026-08-30 21:55,38.66,阿联酋超,哈塔,沙迦,"HDC,HIL","T-30,T-5","T-30,T-5",1.0,3.0,3057136
2026-08-30 22:00,38.57,苏超,邓迪FC,希伯尼安,"HDC,HIL","T-30,T-5","T-30,T-5",0.25,2.5,3002054
2026-08-30 22:00,38.57,丹麦超,兰讷斯,奥胡斯,"HDC,HIL","T-30,T-5","T-30,T-5",0.25,3.0,2998233
2026-08-30 22:00,38.57,立陶甲,希奥利艾,苏杜瓦,"HDC,HIL","T-30,T-5","T-30,T-5",1.25,2.75,2994890
2026-08-30 22:00,38.57,拉脱超,奥格雷联合,里加足球学院,"HDC,HIL","T-30,T-5","T-30,T-5",2.75,3.75,2940740
2026-08-30 22:00,38.57,爱沙甲,诺梅卡柳,塔林利瓦迪亚,"HDC,HIL","T-30,T-5","T-30,T-5",1.0,2.75,2931432
2026-08-30 22:00,38.57,瑞典乙南,特雷勒堡,尤特斯科腾,"HDC,HIL","T-30,T-5","T-30,T-5",-2.0,3.5,2919882
2026-08-30 22:00,38.57,瑞典乙南,拉豪美斯,阿里安娜,"HDC,HIL","T-30,T-5","T-30,T-5",0.5,3.25,2919879
2026-08-30 22:00,38.57,阿塞超,卡帕兹PFK,托武兹,"HDC,HIL",T-5,"T-30,T-5",0.75,2.25,3041543
2026-08-30 22:00,38.57,德女联,勒沃库森女足,沃尔夫斯堡女足,"HDC,HIL",T-5,"T-30,T-5",0,3.0,3034765
2026-08-30 22:00,38.57,英甲,曼斯菲尔德,卢顿,"HDC,HIL","T-30,T-5","T-30,T-5",0.25,2.75,3007059
2026-08-30 22:00,38.57,巴西甲,巴拉纳竞技,弗鲁米嫩塞,"HDC,HIL","T-30,T-5","T-30,T-5",-0.25,2.0,2910867
2026-08-30 22:00,38.57,比乙,维尔通,法兰波垒斯,"HDC,HIL","T-30,T-5","T-30,T-5",0,2.5,3005376
2026-08-30 22:00,38.57,比甲,安特卫普,圣图尔登,"HDC,HIL","T-30,T-5","T-30,T-5",0,2.5,3003553
2026-08-30 22:00,38.57,苏超,圣米伦,马瑟韦尔,"HDC,HIL","T-30,T-5","T-30,T-5",0,2.5,3002057
2026-08-30 22:30,38.07,瑞士超,瓦杜兹,草蜢,"HDC,HIL","T-30,T-5","T-30,T-5",-0.5,3.0,3000802
2026-08-30 22:30,38.07,瑞士超,圣加仑,图恩,"HDC,HIL","T-30,T-5","T-30,T-5",-0.75,3.5,3000801
2026-08-30 22:30,38.07,瑞典超,哥德堡,奥尔格里特,"HDC,HIL","T-30,T-5","T-30,T-5",-1.0,3.25,2912255
2026-08-30 22:30,38.07,德丙,哈韦尔斯,曼海姆,"HDC,HIL","T-30,T-5","T-30,T-5",0.75,3.25,3026021
2026-08-30 22:30,38.07,葡超,葡萄牙国民,阿马多拉,"HDC,HIL","T-30,T-5","T-30,T-5",-0.25,2.25,3023465
2026-08-30 22:30,38.07,俄超,莫斯科斯巴达,奥伦堡加索维克,"HDC,HIL","T-30,T-5","T-30,T-5",-1.5,3.0,3012282
2026-08-30 22:30,38.07,匈甲,华达塞,吉奥里,"HDC,HIL","T-30,T-5","T-30,T-5",0.25,3.0,3011391
2026-08-30 22:45,37.82,荷乙,芬洛,埃门,"HDC,HIL","T-30,T-5","T-30,T-5",0.25,3.5,2996443
2026-08-30 23:00,37.57,西女超,阿拉维斯女足,华伦西亚女足,"HDC,HIL",T-30,T-30,,,3057153
2026-08-30 23:00,37.57,捷乙,卡列度,济斯科夫,"HDC,HIL",T-30,T-30,,,3040100
2026-08-30 23:00,37.57,捷甲,特普利斯,亚布洛内茨,"HDC,HIL",T-30,T-30,,,3039873
2026-08-30 23:00,37.57,捷甲,比尔森胜利,斯洛瓦科,"HDC,HIL",T-30,T-30,,,3039871
2026-08-30 23:00,37.57,俄甲,索契,切里宾斯克,"HDC,HIL",T-30,T-30,,,3021967
2026-08-30 23:00,37.57,西协甲,巴拉卡度,莱昂文体,"HDC,HIL",T-30,T-30,,,3014485
2026-08-30 23:00,37.57,西乙,安道尔FC,埃瓦尔,"HDC,HIL",T-30,T-30,,,3014054
2026-08-30 23:00,37.57,西甲,皇家马德里,马拉加,"HDC,HIL",T-30,T-30,,,3013669
2026-08-30 23:00,37.57,乌克超,柔亚,梅塔利斯特1925,"HDC,HIL",T-30,T-30,,,3012493
2026-08-30 23:00,37.57,奥甲,维也纳快速,格拉茨风暴,"HDC,HIL",T-30,T-30,,,3010628
2026-08-30 23:00,37.57,奥甲,哈特堡格,里德,"HDC,HIL",T-30,T-30,,,3010627
2026-08-30 23:00,37.57,斯伐超,布拉迪斯拉发,米查路文斯,"HDC,HIL",T-30,T-30,,,3003422
2026-08-30 23:00,37.57,斯伐超,斯卡利卡,斯特里达,"HDC,HIL",T-30,T-30,,,3003421
2026-08-30 23:00,37.57,哈萨克超,阿迪拿奥,阿斯塔纳,"HDC,HIL",T-30,T-30,,,2953350
2026-08-30 23:00,37.57,格鲁甲,萨古拉利,鲁斯塔维,"HDC,HIL",T-30,T-30,,,2924116
2026-08-30 23:00,37.57,芬甲,SJK学院,克鲁比04,"HDC,HIL",T-30,T-30,,,2921926
2026-08-30 23:00,37.57,瑞典甲,桑德维根斯,奥斯达,"HDC,HIL",T-30,T-30,,,2914676
2026-08-30 23:00,37.57,爱超,德利城,沙姆洛克流浪,"HDC,HIL",T-30,T-30,,,2914392
2026-08-30 23:00,37.57,挪甲,松达尔,斯托姆加斯特,"HDC,HIL",T-30,T-30,,,2913129
2026-08-30 23:00,37.57,挪甲,诺霍斯,桑德尼斯,"HDC,HIL",T-30,T-30,,,2913128
2026-08-30 23:00,37.57,挪甲,兰黑姆,奥德,"HDC,HIL",T-30,T-30,,,2913127
2026-08-30 23:00,37.57,挪甲,莫斯,斯托曼,"HDC,HIL",T-30,T-30,,,2913126
2026-08-30 23:00,37.57,挪甲,康斯文格,利恩,"HDC,HIL",T-30,T-30,,,2913125
2026-08-30 23:00,37.57,挪甲,禾特,斯塔贝克,"HDC,HIL",T-30,T-30,,,2913124
2026-08-30 23:00,37.57,挪甲,埃格尔森德,阿萨纳,"HDC,HIL",T-30,T-30,,,2913123
2026-08-30 23:00,37.57,挪甲,布莱尼,海于格松,"HDC,HIL",T-30,T-30,,,2913122
2026-08-30 23:00,37.57,挪超,维京,奥勒松,"HDC,HIL",T-30,T-30,,,2912881
2026-08-30 23:00,37.57,挪超,瓦勒伦加,莫尔德,"HDC,HIL",T-30,T-30,,,2912880
2026-08-30 23:00,37.57,挪超,特罗姆瑟,萨普斯堡,"HDC,HIL",T-30,T-30,,,2912879
2026-08-30 23:00,37.57,挪超,斯达,KFUM奥斯陆,"HDC,HIL",T-30,T-30,,,2912878
2026-08-30 23:00,37.57,挪超,桑德菲杰,布兰,"HDC,HIL",T-30,T-30,,,2912877
2026-08-30 23:00,37.57,挪超,汉坎,克里斯蒂安松,"HDC,HIL",T-30,T-30,,,2912875
2026-08-30 23:15,37.32,波兰甲,查洛里,罗切霍茹夫,"HDC,HIL","T-30,T-5",T-30,0.25,,3004964
2026-08-30 23:15,37.32,法甲,雷恩,勒芒,"HDC,HIL","T-30,T-5","T-30,T-5",-1.5,3.25,2995323
2026-08-30 23:30,37.07,德甲,奥格斯堡,沙尔克04,"HDC,HIL","T-30,T-5","T-30,T-5",-0.25,2.75,3018787
2026-08-30 23:30,37.07,英超,曼彻斯特联,伊普斯维奇,"HDC,HIL","T-30,T-5","T-30,T-5",-1.5,3.25,3003866
2026-08-30 23:30,37.07,波兰超,扎布热矿工,GKS卡托威斯,"HDC,HIL",T-30,"T-30,T-5",,2.75,3003125
2026-08-30 23:30,37.07,阿乙曼特秋,阿梅尼奥,维拉圣卡罗斯,"HDC,HIL","T-30,T-5",T-30,-0.25,,2934775
2026-08-30 23:45,36.82,立陶甲,班加,考诺萨基列斯,"HDC,HIL","T-30,T-5","T-30,T-5",0.25,2.25,2994888
2026-08-31 00:00,36.57,葡杯,卢西塔诺艾芙拉,比伦塞斯,"HDC,HIL",T-30,T-30,,,3058894
2026-08-31 00:00,36.57,意丙,亚特兰大U23,圭多尼亚,"HDC,HIL",T-30,T-30,,,3050891
2026-08-31 00:00,36.57,意丙,多洛米蒂贝卢诺,阿尔希欧蕾,"HDC,HIL",T-30,T-30,,,3050515
2026-08-31 00:00,36.57,意丙,卡尔皮,祖云达斯U23,"HDC,HIL",T-30,T-30,,,3050513
2026-08-31 00:00,36.57,意丙,阿济纳诺基安波,韦尔切利,"HDC,HIL",T-30,T-30,,,3050512
2026-08-31 00:00,36.57,塞浦甲,AEL利马索尔,阿诺索西斯,"HDC,HIL",T-30,T-30,,,3044375
2026-08-31 00:00,36.57,土甲,厄洛克士邦,厄德尔,"HDC,HIL",T-30,T-30,,,3030117
2026-08-31 00:00,36.57,土超,埃于普体育,阿拉尼亚体育,"HDC,HIL",T-30,T-30,,,3026709
2026-08-31 00:00,36.57,秘鲁甲秋,UCV莫克瓜,阿利亚加,HIL,,T-30,,,3010015
2026-08-31 00:00,36.57,斯亚甲,布里涅格罗苏普列,采列,HDC,T-30,,,,3005773
2026-08-31 00:00,36.57,以甲,赫兹立亚马卡比,法萨巴夏普尔,"HDC,HIL",T-30,T-30,,,3001810
2026-08-31 00:00,36.57,以甲,卡比利奥马卡比,阿基纳扎力,"HDC,HIL",T-30,T-30,,,3001809
2026-08-31 00:00,36.57,以甲,莫迪恩,凯尔耶特,"HDC,HIL",T-30,T-30,,,3001807
2026-08-31 00:00,36.57,以甲,里雄莱锡安夏普尔,卡法尔卡瑟姆,"HDC,HIL",T-30,T-30,,,3001806
2026-08-31 00:00,36.57,以甲,夏雷姆,奇亚亚蒙SC,"HDC,HIL",T-30,T-30,,,3001805
2026-08-31 00:00,36.57,保甲,华纳斯巴达,卢多戈雷茨,"HDC,HIL",T-30,T-30,,,2998470
2026-08-31 00:00,36.57,丹麦超,北西兰,布隆德比,"HDC,HIL",T-30,T-30,,,2998234
2026-08-31 00:00,36.57,立陶甲,帕纳瓦兹,扎尔吉里斯,"HDC,HIL",T-30,T-30,,,2994889
2026-08-31 00:05,36.49,沙特联,哈森姆,利雅得青年人,"HDC,HIL","T-30,T-5","T-30,T-5",0.75,3.0,3046964
2026-08-31 00:15,36.32,阿塞超,兹拉,内弗特奇,"HDC,HIL",T-30,"T-30,T-5",,2.25,3041546
2026-08-31 00:30,36.07,希腊超,阿里斯,OFI克里特,"HDC,HIL","T-30,T-5","T-30,T-5",-0.5,2.5,3036412
2026-08-31 00:30,36.07,德女联,云达不莱梅女足,RB莱比锡女足,"HDC,HIL","T-30,T-5","T-30,T-5",-0.75,3.0,3034771
2026-08-31 00:30,36.07,阿联酋超,阿布扎比统一,般尼亚斯,"HDC,HIL","T-30,T-5","T-30,T-5",-1.0,3.0,3057137
2026-08-31 00:30,36.07,马耳甲,莫斯塔FC,拜基卡拉,HIL,,"T-30,T-5",,2.25,3021606
2026-08-31 00:30,36.07,西协甲,皇家联邦,CD科瑞亚,"HDC,HIL","T-30,T-5","T-30,T-5",-0.5,2.25,3014490
2026-08-31 00:30,36.07,比甲,圣吉罗斯,安德莱赫特,"HDC,HIL","T-30,T-5","T-30,T-5",-0.75,2.5,3003554
2026-08-31 00:30,36.07,意甲,那不勒斯,科莫,"HDC,HIL","T-30,T-5","T-30,T-5",-0.25,2.25,2993773
2026-08-31 01:00,35.57,美预备联,哥伦布机员B队,芝加哥火焰B队,"HDC,HIL",T-30,T-30,,,3071750
2026-08-31 01:00,35.57,西女超,巴塞罗那女足,格拉纳迪拉特内里费苏女足,"HDC,HIL",T-30,T-30,,,3057155
2026-08-31 01:00,35.57,塞浦甲,波勒米迪奥,帕福斯,"HDC,HIL",T-30,T-30,,,3044376
2026-08-31 01:00,35.57,哥斯甲春,肯塔吉内斯,希雷迪亚诺,"HDC,HIL",T-30,T-30,,,3042546
2026-08-31 01:00,35.57,意乙,曼托瓦,恩波利,"HDC,HIL",T-30,T-30,,,3040721
2026-08-31 01:00,35.57,意乙,阿雷佐,巴勒莫,"HDC,HIL",T-30,T-30,,,3040715
2026-08-31 01:00,35.57,葡甲,葡萄牙体育B队,法伦斯,"HDC,HIL",T-30,T-30,,,3023771
2026-08-31 01:00,35.57,葡甲,费尔格拉斯,查维斯,"HDC,HIL",T-30,T-30,,,3023768
2026-08-31 01:00,35.57,葡甲,波尔图B队,佩纳菲尔,"HDC,HIL",T-30,T-30,,,3023767
2026-08-31 01:00,35.57,葡超,卡萨比亚,摩里伦斯,"HDC,HIL",T-30,T-30,,,3023463
2026-08-31 01:00,35.57,俄甲,下诺夫哥罗德,乌里扬诺夫斯克伏尔加,"HDC,HIL",T-30,T-30,,,3021964
2026-08-31 01:00,35.57,西乙,马洛卡,休达,"HDC,HIL",T-30,T-30,,,3014051
2026-08-31 01:00,35.57,西乙,加的斯,巴拉多利德,"HDC,HIL",T-30,T-30,,,3014046
2026-08-31 01:00,35.57,俄超,喀山红宝石,马哈奇卡拉,"HDC,HIL",T-30,T-30,,,3012281
2026-08-31 01:00,35.57,匈甲,普斯卡什学院,费伦茨瓦罗斯,HIL,,T-30,,,3011395
2026-08-31 01:00,35.57,奥甲,萨尔茨堡,奥地利维也纳,"HDC,HIL",T-30,T-30,,,3010629
2026-08-31 01:00,35.57,斯伐超,特尔纳瓦斯巴达克,日利纳,"HDC,HIL",T-30,T-30,,,3003424
2026-08-31 01:00,35.57,白俄超,鲍里索夫巴特,明斯克,HIL,,T-30,,,2948579
2026-08-31 01:00,35.57,冰岛超,哈夫纳夫约杜尔,凯夫拉维克,"HDC,HIL",T-30,T-30,,,2924636
2026-08-31 01:00,35.57,冰岛超,弗拉姆,阿古雷利,"HDC,HIL",T-30,T-30,,,2924635
2026-08-31 01:15,35.32,西协甲,CF安提哥拉,伊维萨,"HDC,HIL",T-30,T-30,,,3014867
2026-08-31 01:15,35.32,西协甲,马德里竞技B队,托雷莫利诺斯青年,"HDC,HIL",T-30,T-30,,,3014866
2026-08-31 01:15,35.32,西协甲,亚古拉斯,艾科坎,"HDC,HIL",T-30,T-30,,,3014864
2026-08-31 01:15,35.32,西协甲,尤尼恩斯塔斯,卢高,HIL,,T-30,,,3014492
2026-08-31 01:15,35.32,比乙,瑟兰联,利尔斯,"HDC,HIL",T-30,T-30,,,3005377
2026-08-31 01:15,35.32,比甲,韦斯特洛,瓦勒海姆,"HDC,HIL",T-30,T-30,,,3003555
2026-08-31 01:15,35.32,以超,海法,特拉维夫夏普尔,"HDC,HIL",T-30,T-30,,,3001590
2026-08-31 01:15,35.32,挪超,利勒斯特罗姆,腓特烈斯塔,"HDC,HIL",T-30,T-30,,,2912876
2026-08-31 01:30,35.07,西甲,拉科鲁尼亚,巴伦西亚,"HDC,HIL","T-30,T-5","T-30,T-5",0,2.0,3013664
2026-08-31 02:00,34.57,荷甲,坎布尔,特温特,"HDC,HIL","T-30,T-5","T-30,T-5",1.5,3.5,2996133
2026-08-31 02:00,34.57,阿甲,班菲尔德,河床,"HDC,HIL","T-30,T-5","T-30,T-5",1.0,2.25,2962595
2026-08-31 02:00,34.57,厄瓜甲,奥卡斯,利伯塔德洛哈,"HDC,HIL","T-30,T-5","T-30,T-5",-1.0,2.25,2937902
2026-08-31 02:00,34.57,阿乙曼特秋,弗朗德里亚,圣马丁布萨科,"HDC,HIL","T-30,T-5","T-30,T-5",-0.25,1.75,2934777
2026-08-31 02:00,34.57,阿乙曼特秋,梅洛小阿根廷,维拉多尔米尼,"HDC,HIL","T-30,T-5","T-30,T-5",0.25,1.75,2934772
2026-08-31 02:00,34.57,阿乙,米特雷圣地亚哥竞技,北索尔塔中央,"HDC,HIL","T-30,T-5","T-30,T-5",-0.5,1.75,2916632
2026-08-31 02:00,34.57,阿乙,阿尔米兰提布朗,玛德恩,"HDC,HIL","T-30,T-5","T-30,T-5",-0.25,1.75,2916628
2026-08-31 02:00,34.57,沙特联,卡达西亚,费萨里哈曼,"HDC,HIL","T-30,T-5","T-30,T-5",-2.25,3.75,3046965
2026-08-31 02:00,34.57,墨西女超春,普埃布拉女足,尼卡沙女足,"HDC,HIL","T-30,T-5","T-30,T-5",-0.75,3.0,3046003
2026-08-31 02:00,34.57,捷甲,布拉格斯巴达,布拉格斯拉维亚,"HDC,HIL","T-30,T-5","T-30,T-5",0,2.75,3039872
2026-08-31 02:00,34.57,希腊超,基菲萨,AEK雅典,"HDC,HIL","T-30,T-5","T-30,T-5",1.5,2.75,3036415
2026-08-31 02:00,34.57,希腊超,特里波利斯,奥林匹亚科斯,"HDC,HIL","T-30,T-5","T-30,T-5",1.0,2.25,3036413
2026-08-31 02:00,34.57,墨西甲春,哥达拿查拉大学,皮拉塔斯,"HDC,HIL","T-30,T-5","T-30,T-5",-0.25,2.25,3024433
2026-08-31 02:00,34.57,罗甲,布加勒斯特星队,阿拉德联队,"HDC,HIL","T-30,T-5","T-30,T-5",-0.75,2.75,3010407
2026-08-31 02:00,34.57,黑山甲,德锡,耶泽洛,"HDC,HIL",T-5,"T-30,T-5",-1.0,2.25,3004483
2026-08-31 02:00,34.57,塞尔超,泽蒙,贝尔格莱德红星,"HDC,HIL","T-30,T-5","T-30,T-5",2.5,3.75,2998947
2026-08-31 02:00,34.57,克亚甲,奥斯杰克,比路朴,"HDC,HIL","T-30,T-5","T-30,T-5",-1.0,3.0,2997515
2026-08-31 02:15,34.32,秘鲁甲秋,AD塔尔玛,万卡约,"HDC,HIL","T-30,T-5","T-30,T-5",0.25,2.5,3010009
2026-08-31 02:15,34.32,斯亚甲,南塔,马里博尔,"HDC,HIL","T-30,T-5","T-30,T-5",1.25,3.0,3005775
2026-08-31 02:15,34.32,波兰超,维德祖罗兹,波兹南莱赫,"HDC,HIL","T-30,T-5","T-30,T-5",0.25,2.75,3003130
2026-08-31 02:15,34.32,保甲,索非亚中央陆军,查洛摩利,"HDC,HIL","T-30,T-5","T-30,T-5",-1.25,2.75,2998467
2026-08-31 02:30,34.07,土超,萨姆松体育,费内巴切,"HDC,HIL","T-30,T-5","T-30,T-5",1.0,2.75,3026714
2026-08-31 02:30,34.07,土超,伊斯坦布尔巴萨克塞尔,卡斯帕萨,"HDC,HIL","T-30,T-5","T-30,T-5",-0.75,2.75,3026707
2026-08-31 02:30,34.07,阿乙,帕特罗纳图,阿马格罗,"HDC,HIL",T-30,"T-30,T-5",,2.0,2916641
2026-08-31 02:30,34.07,阿乙,玛伦,圣米格尔,"HDC,HIL",T-30,"T-30,T-5",,1.75,2916635
2026-08-31 02:30,34.07,乌拉甲秋,佩纳罗尔,乌拉圭民族,"HDC,HIL","T-30,T-5","T-30,T-5",-0.25,2.25,3069852
2026-08-31 02:30,34.07,阿乙,卡塞罗斯学生队,费罗卡利,"HDC,HIL","T-30,T-5","T-30,T-5",-0.25,1.5,2916631
2026-08-31 02:30,34.07,阿乙,阿特兰大竞技,圣胡安圣马丁,"HDC,HIL","T-30,T-5","T-30,T-5",0,1.75,2916629
2026-08-31 02:30,34.07,阿乙,全男孩竞技,查克佛伊维,"HDC,HIL","T-30,T-5","T-30,T-5",-0.25,1.75,2916627
2026-08-31 02:30,34.07,土甲,文尼沙BB,波德鲁姆士邦,"HDC,HIL",T-30,"T-30,T-5",,2.5,3030121
2026-08-31 02:45,33.82,法甲,摩纳哥,马赛,"HDC,HIL","T-30,T-5","T-30,T-5",-0.25,2.75,2995321
2026-08-31 02:45,33.82,意甲,拉齐奥,热那亚,"HDC,HIL","T-30,T-5","T-30,T-5",-0.25,2.0,2993770
2026-08-31 02:45,33.82,意甲,卡利亚里,国际米兰,"HDC,HIL","T-30,T-5","T-30,T-5",1.25,2.75,2993767
2026-08-31 03:00,33.57,巴丁,加马,阿莱皮拉卡,"HDC,HIL",T-30,T-30,,,3071860
2026-08-31 03:00,33.57,巴拉甲秋,波特诺山丘,亚松森自由,"HDC,HIL",T-30,T-30,,,3067098
2026-08-31 03:00,33.57,玻利杯,学术DB,阿拉维预备,"HDC,HIL",T-30,T-30,,,3061632
2026-08-31 03:00,33.57,西女超,皇家马德里女足,马德里竞技女足,"HDC,HIL",T-30,T-30,,,3057159
2026-08-31 03:00,33.57,意丙,古比奥,雷吉亚纳,"HDC,HIL",T-30,T-30,,,3050893
2026-08-31 03:00,33.57,意丙,帕格特斯,布雷西亚,"HDC,HIL",T-30,T-30,,,3050518
2026-08-31 03:00,33.57,意丙,隆美辛尼,吉安纳,"HDC,HIL",T-30,T-30,,,3050516
2026-08-31 03:00,33.57,意乙,比萨,卡坦萨罗,"HDC,HIL",T-30,T-30,,,3040723
2026-08-31 03:00,33.57,意乙,贝内文托,南蒂罗尔,"HDC,HIL",T-30,T-30,,,3040718
2026-08-31 03:00,33.57,哥伦甲秋,阿古拉斯多拉达斯,茨高,"HDC,HIL",T-30,T-30,,,3011827
2026-08-31 03:00,33.57,塞尔超,诺维贝尔格莱德,马拉多特,"HDC,HIL",T-30,T-30,,,2998942
2026-08-31 03:00,33.57,巴西乙,奥瓦,戈亚尼亚竞技,"HDC,HIL",T-30,T-30,,,2940146
2026-08-31 03:00,33.57,巴西乙,米内罗美洲,庞特普雷塔,"HDC,HIL",T-30,T-30,,,2940145
2026-08-31 03:00,33.57,智利甲,康塞普西翁大学,智利大学,"HDC,HIL",T-30,T-30,,,2921232
2026-08-31 03:00,33.57,巴西甲,弗拉门戈,博塔弗戈,"HDC,HIL",T-30,T-30,,,2910871
2026-08-31 03:00,33.57,巴西甲,科林蒂安,桑托斯,"HDC,HIL",T-30,T-30,,,2910870
2026-08-31 03:15,33.32,冰岛超,瓦路尔,IA阿克拉内斯,HIL,,"T-30,T-5",,3.75,2924640
2026-08-31 03:30,33.07,葡超,法马利康,吉维森特,"HDC,HIL","T-30,T-5","T-30,T-5",-0.5,2.0,3023464
2026-08-31 03:30,33.07,西协甲,塔拉戈纳,萨拉戈萨,"HDC,HIL",T-30,"T-30,T-5",,2.25,3014872
2026-08-31 03:30,33.07,西乙,科尔多瓦,格拉纳达,"HDC,HIL","T-30,T-5","T-30,T-5",-0.5,2.5,3014048
2026-08-31 03:30,33.07,西甲,塞尔塔,毕尔巴鄂竞技,"HDC,HIL","T-30,T-5","T-30,T-5",0,2.25,3013663
2026-08-31 04:00,32.57,巴丁,ABC纳泰,乌贝兰迪亚,"HDC,HIL","T-30,T-5","T-30,T-5",-0.5,2.25,3071861
2026-08-31 04:00,32.57,美预备联,波特兰伐木者后备队,奥斯汀FC II队,HIL,,"T-30,T-5",,2.75,3071751
2026-08-31 04:00,32.57,阿甲,阿根廷青年人,阿尔多斯维,"HDC,HIL","T-30,T-5","T-30,T-5",-1.25,2.25,2962593
2026-08-31 04:00,32.57,阿乙,科多巴竞赛会,科隆竞技,"HDC,HIL","T-30,T-5","T-30,T-5",0,1.75,2916643
2026-08-31 04:15,32.32,秘女联,秘鲁体育大学女足,利马联盟女足,"HDC,HIL","T-30,T-5","T-30,T-5",-0.5,2.75,3076903
2026-08-31 04:15,32.32,秘鲁乙,本廷塔克纳,山度士纳斯卡,"HDC,HIL","T-30,T-5","T-30,T-5",-1.0,2.5,3071864
2026-08-31 04:30,32.07,委内超秋,图积兰奴斯,莫纳加斯,"HDC,HIL","T-30,T-5","T-30,T-5",-0.25,2.25,3072728
2026-08-31 04:30,32.07,厄瓜甲,奥伦斯CS,马卡拉,"HDC,HIL","T-30,T-5","T-30,T-5",-0.25,2.25,2937905
2026-08-31 04:30,32.07,美职业,哥伦布机员,新英格兰革命,"HDC,HIL",T-30,"T-30,T-5",,2.75,2908730
2026-08-31 05:00,31.57,尼拉甲春,HYH 塞巴科,埃斯特利,"HDC,HIL","T-30,T-5","T-30,T-5",0.75,2.5,3031326
2026-08-31 05:00,31.57,危地甲春,圣佩德罗体育,安提瓜GFC,"HDC,HIL","T-30,T-5","T-30,T-5",0,2.25,3011263
2026-08-31 05:00,31.57,巴西乙,雷加塔斯巴西,克里丘马,"HDC,HIL","T-30,T-5","T-30,T-5",-0.25,2.25,2940148
2026-08-31 05:00,31.57,阿乙,戈多伊克鲁斯,圣德尔模,"HDC,HIL",T-5,"T-30,T-5",-0.75,2.0,2916638
2026-08-31 05:00,31.57,委内超秋,塔奇拉竞技,加拉加斯,"HDC,HIL","T-30,T-5","T-30,T-5",-1.0,2.75,3072729
2026-08-31 05:00,31.57,萨尔超春,亚古雷,旧金山富尔特,"HDC,HIL","T-30,T-5","T-30,T-5",-0.75,2.25,3041893
2026-08-31 05:10,31.41,哥伦甲秋,麦德林独立,拉尼洛斯,"HDC,HIL",T-30,"T-30,T-5",,2.5,3011833
2026-08-31 05:30,31.07,美预备联,皇家君主,塔科马挑战,"HDC,HIL",T-5,"T-30,T-5",0,3.0,3071752
2026-08-31 08:00,28.57,智利甲,科金博,华奇巴托,"HDC,HIL",T-5,"T-30,T-5",-1.25,2.75,2921228
2026-08-31 16:00,20.57,塞尔U19,马拉多特U19,贝尔格莱德红星U19,"HDC,HIL","T-30,T-5","T-30,T-5",0.5,3.25,3080512
2026-08-31 16:30,20.07,亚洲杯U20,伊拉克U20,土库曼U20,"HDC,HIL","T-30,T-5","T-30,T-5",-1.75,3.0,2999460
2026-08-31 17:00,19.57,亚洲杯U20,日本U20,科威特U20,"HDC,HIL","T-30,T-5",T-5,-2.25,3.25,2999467
2026-08-31 17:00,19.57,亚洲杯U20,伊朗U20,巴勒斯坦U20,"HDC,HIL",T-5,"T-30,T-5",-1.75,2.75,2999442
2026-08-31 19:00,17.57,亚洲杯U20,叙利亚U20,印度U20,"HDC,HIL","T-30,T-5","T-30,T-5",-1.0,2.75,2999436
2026-08-31 20:00,16.57,英U21,打比郡U21,西布朗U21,HIL,,"T-30,T-5",,3.25,3065773
2026-08-31 20:00,16.57,英乙U21,保顿U21,考文垂U21,"HDC,HIL","T-30,T-5","T-30,T-5",-0.25,3.5,3059174
2026-08-31 20:00,16.57,亚洲杯U20,新加坡U20,不丹U20,"HDC,HIL","T-30,T-5","T-30,T-5",-0.75,3.5,2999484
2026-08-31 20:30,16.07,亚洲杯U20,泰国U20,阿联酋U20,"HDC,HIL",T-5,"T-30,T-5",-0.25,2.75,2999461
2026-08-31 21:00,15.57,英U21,托特纳姆热刺U21,伯明翰U21,"HDC,HIL",T-30,T-5,,4.0,3065775
2026-08-31 21:00,15.57,英U21,曼彻斯特联U21,莱切斯特城U21,HIL,,"T-30,T-5",,4.0,3065774
2026-08-31 21:00,15.57,亚冠联2,万隆,马尼拉挖掘者,"HDC,HIL","T-30,T-5","T-30,T-5",-1.0,1.5,3010599
2026-08-31 21:00,15.57,挪女甲,维京女足,特罗姆瑟女足,"HDC,HIL",T-30,"T-30,T-5",,3.0,2961618
2026-08-31 21:30,15.07,威超,阿曼福德,卡迪夫都市大学,"HDC,HIL",T-30,"T-30,T-5",,2.75,3019498
2026-08-31 21:30,15.07,威超,空中巴士,霍利韦尔,"HDC,HIL","T-30,T-5","T-30,T-5",-1.5,3.75,3019497
2026-08-31 21:30,15.07,威超,西哈弗福德,特芬琳,"HDC,HIL",T-30,"T-30,T-5",,2.75,3019504
2026-08-31 21:30,15.07,威超,弗林特镇,康纳斯码头,"HDC,HIL",T-5,"T-30,T-5",1.0,2.75,3019503
2026-08-31 21:30,15.07,威超,卡姆比利安,佩尼邦,"HDC,HIL","T-30,T-5",T-5,0.5,2.75,3019501
2026-08-31 21:30,15.07,威超,布里顿费里,巴里镇联,"HDC,HIL","T-30,T-5","T-30,T-5",0.25,2.75,3019499
2026-08-31 21:40,14.91,阿曼联,阿曼FC,迪赫弗,"HDC,HIL",T-30,"T-30,T-5",,2.0,3072461
2026-08-31 22:00,14.57,葡U23,杜连斯U23,布拉加U23,"HDC,HIL","T-30,T-5","T-30,T-5",-0.25,2.5,3056262
2026-08-31 22:00,14.57,英南超中,伍斯特,布朗史葛夫竞技,"HDC,HIL",T-30,"T-30,T-5",,2.5,3045083
2026-08-31 22:00,14.57,英南超中,基特宁,斯坦福队,"HDC,HIL",T-5,"T-30,T-5",-1.25,2.75,3045076
2026-08-31 22:00,14.57,英北超,沃灵顿瑞兰,班巴布利治,"HDC,HIL","T-30,T-5","T-30,T-5",-0.5,2.75,3044642
2026-08-31 22:00,14.57,英北超,海德联,伯利,"HDC,HIL","T-30,T-5","T-30,T-5",0.5,3.0,3044637
2026-08-31 22:00,14.57,英北超,曼彻斯特FC,阿芙罗,"HDC,HIL","T-30,T-5","T-30,T-5",0.25,2.75,3044635
2026-08-31 22:00,14.57,英北超,伊米耶,吉英瑟莱,"HDC,HIL","T-30,T-5","T-30,T-5",0,2.5,3044634
2026-08-31 22:00,14.57,英北超,阿什顿,阿斯顿联,"HDC,HIL","T-30,T-5","T-30,T-5",-0.5,2.75,3044633
2026-08-31 22:00,14.57,阿塞超,纳希切万,萨巴赫,"HDC,HIL",T-5,T-30,1.25,,3041541
2026-08-31 22:00,14.57,英依超,柴斯罕特,圣阿尔班斯,"HDC,HIL","T-30,T-5","T-30,T-5",0.25,2.75,3037373
2026-08-31 22:00,14.57,阿尔巴超,沃拉,埃格纳蒂亚,"HDC,HIL","T-30,T-5","T-30,T-5",0.25,2.25,3032790
2026-08-31 22:00,14.57,英议南,维斯顿,车姆斯福特,"HDC,HIL","T-30,T-5","T-30,T-5",0,2.5,3028844
2026-08-31 22:00,14.57,英议南,汤桥天使,沃尔顿赫咸,"HDC,HIL","T-30,T-5","T-30,T-5",-0.75,2.75,3028843
2026-08-31 22:00,14.57,英议南,索尔兹伯里FC,比利列卡尔镇,"HDC,HIL","T-30,T-5","T-30,T-5",-0.25,2.75,3028842
2026-08-31 22:00,14.57,英议南,麦德黑联,托顿,"HDC,HIL","T-30,T-5","T-30,T-5",-0.75,2.75,3028841
2026-08-31 22:00,14.57,英议南,富莫咸普顿,梅德斯托联,"HDC,HIL","T-30,T-5","T-30,T-5",0.75,2.75,3028840
2026-08-31 22:00,14.57,英议南,福克斯顿,希美咸史特城,"HDC,HIL","T-30,T-5","T-30,T-5",-0.5,2.75,3028839
2026-08-31 22:00,14.57,英议南,法纳姆城,托奎联,"HDC,HIL","T-30,T-5","T-30,T-5",0.5,3.0,3028838
2026-08-31 22:00,14.57,英议南,艾贝斯费特联,霍舍姆,"HDC,HIL","T-30,T-5","T-30,T-5",-0.75,2.5,3028837
2026-08-31 22:00,14.57,英议南,杜金,特鲁罗城,"HDC,HIL","T-30,T-5","T-30,T-5",-0.25,3.0,3028836
2026-08-31 22:00,14.57,英议南,达根汉姆,史洛治,"HDC,HIL","T-30,T-5","T-30,T-5",-1.25,3.25,3028835
2026-08-31 22:00,14.57,英议南,车斯曼,多佛,"HDC,HIL","T-30,T-5","T-30,T-5",-1.0,3.0,3028834
2026-08-31 22:00,14.57,英议南,布伦特里,法保罗夫,"HDC,HIL","T-30,T-5","T-30,T-5",0.25,3.0,3028833
2026-08-31 22:00,14.57,英议北,布顿,梅瑟镇,"HDC,HIL","T-30,T-5","T-30,T-5",-1.0,3.25,3028294
2026-08-31 22:00,14.57,英议北,沃克索谱镇,牛津城,"HDC,HIL","T-30,T-5","T-30,T-5",0,2.75,3028293
2026-08-31 22:00,14.57,英议北,斯彭尼穆尔城,汉德尼斯佛,"HDC,HIL","T-30,T-5","T-30,T-5",0.25,2.75,3028292
2026-08-31 22:00,14.57,英议北,南港队,赫雷福德,"HDC,HIL","T-30,T-5","T-30,T-5",0,2.75,3028291
2026-08-31 22:00,14.57,英议北,南希尔兹,斯伯丁,"HDC,HIL","T-30,T-5","T-30,T-5",-0.75,3.25,3028290
2026-08-31 22:00,14.57,英议北,雷德利费,达宁顿,"HDC,HIL","T-30,T-5","T-30,T-5",0,3.0,3028289
2026-08-31 22:00,14.57,英议北,马科斯菲尔德,禾布本尼镇,"HDC,HIL","T-30,T-5","T-30,T-5",-0.75,2.75,3028288
2026-08-31 22:00,14.57,英议北,京士拉,史卡保罗夫,"HDC,HIL","T-30,T-5","T-30,T-5",0,2.5,3028287
2026-08-31 22:00,14.57,英议北,哈伯勒镇,海运联,"HDC,HIL","T-30,T-5","T-30,T-5",-0.75,3.0,3028286
2026-08-31 22:00,14.57,英议北,切奥尔雷,巴克利城,"HDC,HIL","T-30,T-5","T-30,T-5",-0.25,2.5,3028285
2026-08-31 22:00,14.57,英议北,切斯特,莫雷坎比,"HDC,HIL","T-30,T-5","T-30,T-5",-0.75,2.75,3028284
2026-08-31 22:00,14.57,英议北,泰福特,巴福特城,"HDC,HIL","T-30,T-5","T-30,T-5",-0.5,3.0,3028283
2026-08-31 22:00,14.57,英议联,耶奥维尔,谭禾夫,"HDC,HIL","T-30,T-5","T-30,T-5",-0.25,2.75,3027729
2026-08-31 22:00,14.57,英议联,沃森,博雷汉姆,"HDC,HIL","T-30,T-5","T-30,T-5",1.0,3.5,3027728
2026-08-31 22:00,14.57,英议联,禾京,南安联,"HDC,HIL","T-30,T-5","T-30,T-5",0.25,2.5,3027727
2026-08-31 22:00,14.57,英议联,瑟顿联,石威德,"HDC,HIL","T-30,T-5","T-30,T-5",-0.75,2.75,3027726
2026-08-31 22:00,14.57,英议联,索利赫尔,菲尔德,"HDC,HIL","T-30,T-5","T-30,T-5",0.25,3.25,3027725
2026-08-31 22:00,14.57,英议联,京达米士特,巴洛,"HDC,HIL","T-30,T-5","T-30,T-5",-0.25,2.5,3027724
2026-08-31 22:00,14.57,英议联,哈洛贾特,格茨海德,"HDC,HIL","T-30,T-5","T-30,T-5",-1.0,2.75,3027723
2026-08-31 22:00,14.57,英议联,格兰森林流浪,奥特林查姆,"HDC,HIL","T-30,T-5","T-30,T-5",-0.75,3.25,3027722
2026-08-31 22:00,14.57,英议联,伊斯特雷格,奥尔德肖特,"HDC,HIL","T-30,T-5","T-30,T-5",0,2.75,3027720
2026-08-31 22:00,14.57,英议联,卡利斯尔联,斯坎索普,"HDC,HIL","T-30,T-5","T-30,T-5",-0.75,3.0,3027719
2026-08-31 22:00,14.57,英议联,波士顿联队,侯恩乔奇,"HDC,HIL","T-30,T-5","T-30,T-5",-0.5,2.5,3027718
2026-08-31 22:00,14.57,威超,卡那封,新圣徒,"HDC,HIL","T-30,T-5","T-30,T-5",1.0,3.0,3019500
2026-08-31 22:00,14.57,亚洲杯U20,约旦U20,阿富汗U20,"HDC,HIL","T-30,T-5","T-30,T-5",-2.25,3.25,2999449
2026-08-31 22:00,14.57,亚洲杯U20,乌兹别克斯坦U20,孟加拉国U20,"HDC,HIL","T-30,T-5","T-30,T-5",-3.5,4.0,2999437
2026-08-31 22:00,14.57,哈萨克超,叶利迈塞米,阿拉木图凯拉特,"HDC,HIL","T-30,T-5","T-30,T-5",0.25,2.75,2953356
2026-08-31 23:00,13.57,斯亚U19,马里博尔U19,NK布拉沃U19,"HDC,HIL","T-30,T-5","T-30,T-5",-0.75,3.25,3080607
2026-08-31 23:00,13.57,塞尔甲,格拉菲卡贝尔格莱德,杜博西卡,"HDC,HIL",T-30,"T-30,T-5",,2.25,3050231
2026-08-31 23:00,13.57,乌克超,切尔诺夫策,基辅迪纳摩,"HDC,HIL","T-30,T-5","T-30,T-5",0.75,2.5,3012491
2026-08-31 23:00,13.57,北马其甲,蒂克韦什,华达,"HDC,HIL",T-30,"T-30,T-5",,2.5,2998356
2026-08-31 23:00,13.57,格鲁甲,古泰斯鱼雷,梅夏特堤基布利,"HDC,HIL",T-5,T-30,-1.5,,2924117
2026-08-31 23:40,12.91,科威特联,苏拉比卡,艾沙比KUW,"HDC,HIL",T-5,"T-30,T-5",0,2.25,3072457
2026-08-31 23:45,12.82,立陶甲,迪祖戈斯,黑格尔曼,"HDC,HIL",T-30,"T-30,T-5",,2.5,2994891
2026-09-01 00:00,12.57,阿美超,叶里温凤凰,阿拉特亚美尼亚,"HDC,HIL",T-5,"T-30,T-5",-0.25,2.25,3024532
2026-09-01 00:00,12.57,亚洲杯U20,沙特阿拉伯U20,中国香港U20,"HDC,HIL","T-30,T-5","T-30,T-5",-4.5,5.0,2999455
2026-09-01 00:00,12.57,亚洲杯U20,卡塔尔U20,阿曼U20,"HDC,HIL",T-30,"T-30,T-5",,2.75,2999454
2026-09-01 00:00,12.57,保甲,多瑙,索菲亚火车头,"HDC,HIL","T-30,T-5","T-30,T-5",0.25,2.5,2998468
2026-09-01 00:00,12.57,芬超,VPS瓦萨,拉赫蒂,"HDC,HIL","T-30,T-5","T-30,T-5",-0.5,2.75,2913705
2026-09-01 00:00,12.57,芬超,玛丽港,雅罗,"HDC,HIL","T-30,T-5","T-30,T-5",-0.25,2.75,2913704
2026-09-01 00:00,12.57,芬超,图尔库国际,古比斯,"HDC,HIL","T-30,T-5","T-30,T-5",-0.25,2.5,2913703
2026-09-01 00:00,12.57,芬超,埃尔维斯,赫尔辛基,"HDC,HIL","T-30,T-5","T-30,T-5",0.5,3.0,2913702
2026-09-01 00:00,12.57,芬超,格尼斯坦,TPS土尔库,"HDC,HIL","T-30,T-5","T-30,T-5",-0.5,3.0,2913701
2026-09-01 00:00,12.57,芬超,奥卢,塞伊奈约基,"HDC,HIL","T-30,T-5","T-30,T-5",-0.25,2.5,2913700
2026-09-01 00:05,12.49,沙地甲,阿尔萨克尔,阿科多,"HDC,HIL","T-30,T-5","T-30,T-5",0.25,2.25,3048468
2026-09-01 00:05,12.49,沙地甲,布凯里耶,亚达禾,"HDC,HIL",T-30,"T-30,T-5",,2.5,3048467
2026-09-01 00:15,12.32,阿塞超,萨姆加耶特,卡拉巴克,"HDC,HIL","T-30,T-5","T-30,T-5",1.5,3.0,3041545
2026-09-01 00:15,12.32,威超,科尔温湾,兰迪德诺,"HDC,HIL","T-30,T-5","T-30,T-5",0,2.5,3019502
2026-09-01 00:30,12.07,希腊超,莱瓦贾科斯,帕纳辛纳科斯,"HDC,HIL","T-30,T-5","T-30,T-5",1.0,2.5,3036416
2026-09-01 00:30,12.07,俄甲,科斯特罗马斯巴达,伏尔加格勒,"HDC,HIL",T-30,"T-30,T-5",,2.25,3021966
2026-09-01 00:30,12.07,克亚甲,斯普利特海杜克,萨格勒布火车头,"HDC,HIL","T-30,T-5","T-30,T-5",-1.5,3.0,2997558
2026-09-01 00:30,12.07,意甲,莱切,罗马,"HDC,HIL","T-30,T-5","T-30,T-5",1.25,2.5,2993771
2026-09-01 01:00,11.57,埃及超,扎马雷克,佩特捷德,"HDC,HIL",T-30,T-30,,,3059434
2026-09-01 01:00,11.57,埃及超,马斯里,金字塔,"HDC,HIL",T-30,T-30,,,3059433
2026-09-01 01:00,11.57,塞浦甲,奥莫尼亚,艾华迪堡,"HDC,HIL",T-30,T-30,,,3044380
2026-09-01 01:00,11.57,西协甲,洛格朗尼斯,艾斯马度华,"HDC,HIL",T-30,T-30,,,3014491
2026-09-01 01:00,11.57,西乙,布尔戈斯,皇家社会B队,"HDC,HIL",T-30,T-30,,,3014045
2026-09-01 01:00,11.57,塞尔超,贝尔格莱德游击,OFK贝尔格莱德,"HDC,HIL",T-30,T-30,,,2998944
2026-09-01 01:00,11.57,丹麦超,哥本哈根,桑德捷斯基,"HDC,HIL",T-30,T-30,,,2998235
2026-09-01 01:00,11.57,格鲁甲,第比利斯迪纳摩,哥里迪拉,"HDC,HIL",T-30,T-30,,,2924114
2026-09-01 01:00,11.57,瑞典乙北,哈马比TFF,卡尔堡斯,"HDC,HIL",T-30,T-30,,,2920120
2026-09-01 01:00,11.57,瑞典甲,松兹瓦尔,诺尔比,"HDC,HIL",T-30,T-30,,,2914677
2026-09-01 01:00,11.57,瑞典超,天狼星,马尔默,"HDC,HIL",T-30,T-30,,,2912258
2026-09-01 01:00,11.57,瑞典超,哥德堡盖斯,布洛马波卡纳,"HDC,HIL",T-30,T-30,,,2912254
2026-09-01 01:00,11.57,瑞典超,尤尔加登,米亚尔比,"HDC,HIL",T-30,T-30,,,2912252
2026-09-01 01:30,11.07,亚洲杯U20,塔吉克斯坦U20,巴林U20,"HDC,HIL","T-30,T-5","T-30,T-5",0.25,2.5,2999448
2026-09-01 01:30,11.07,罗甲,布加勒斯特快速,克拉约瓦大学,"HDC,HIL","T-30,T-5","T-30,T-5",0.25,2.25,3010406
2026-09-01 01:30,11.07,以超,特拉维夫马卡比,海法马卡比,"HDC,HIL","T-30,T-5","T-30,T-5",-0.75,3.25,3001594
2026-09-01 01:30,11.07,法罗甲,克拉克斯维克,EB斯特莱马,"HDC,HIL","T-30,T-5","T-30,T-5",-2.0,3.5,2922074
2026-09-01 01:40,10.91,沙地甲,阿尔泰,积尼达,"HDC,HIL","T-30,T-5","T-30,T-5",-0.5,2.75,3048469
2026-09-01 01:55,10.66,科威特联,卡达西亚SC,阿尔科威特,"HDC,HIL",T-5,"T-30,T-5",0.5,2.25,3067700
2026-09-01 02:00,10.57,英U21,布莱顿U21,阿森纳U21,"HDC,HIL","T-30,T-5","T-30,T-5",0.25,3.25,3065776
2026-09-01 02:00,10.57,荷乙,埃因霍温青年队,阿贾克斯青年队,"HDC,HIL",T-30,"T-30,T-5",,4.0,2996475
2026-09-01 02:00,10.57,荷乙,阿尔克马尔青年队,乌德勒支青年队,"HDC,HIL","T-30,T-5",T-30,-0.75,,2996474
2026-09-01 02:30,10.07,土超,阿美德,特拉布宗体育,"HDC,HIL","T-30,T-5","T-30,T-5",0.25,2.75,3026706
2026-09-01 02:45,9.82,意甲,亚特兰大,博洛尼亚,"HDC,HIL",T-30,"T-30,T-5",,2.5,2993766
2026-09-01 03:00,9.57,意丙,阿尔比诺勒菲,奥斯皮塔莱托,"HDC,HIL",T-5,"T-30,T-5",0,2.25,3050511
2026-09-01 03:00,9.57,阿尔巴超,斯克得比鲁,地拉拿迪纳摩,"HDC,HIL",T-5,"T-30,T-5",0.25,2.0,3032788
2026-09-01 03:00,9.57,英超,阿斯顿维拉,阿森纳,"HDC,HIL","T-30,T-5","T-30,T-5",1.0,2.75,3003860
2026-09-01 03:00,9.57,克亚甲,HNK哥里卡,里耶卡,"HDC,HIL","T-30,T-5","T-30,T-5",0.75,2.5,2997512
2026-09-01 04:00,8.57,秘鲁甲秋,格劳竞技,梅尔加,"HDC,HIL","T-30,T-5","T-30,T-5",0,2.25,3010014
2026-09-01 06:00,6.57,阿甲,拉普拉塔大学生,纽维尔老男孩,"HDC,HIL",T-5,"T-30,T-5",-0.75,2.0,2962599
2026-09-01 06:30,6.07,巴西乙,福塔雷萨,欧帕尔利奥,"HDC,HIL","T-30,T-5","T-30,T-5",-0.5,2.25,2940149
2026-09-01 08:15,4.32,阿甲,科尔多瓦学院,圣洛伦索,"HDC,HIL","T-30,T-5","T-30,T-5",-0.5,1.75,2962603
